id,herb_hindi,synonyms,herb_english,botanical_name,varga_category,classical_properties,raw_karma_sanskrit,english_symptoms,hindi_symptoms,blocking_issues,warnings
BPN_0006,अथ हरीतकीगुणानाह,,,,हरीतक्यादिवर्गः,"Rasa: पञ्चरस अलवण तुवर कषाय | Guna: रूक्ष, लघु | Virya: उष्ण | Vipaka: मधुर/स्वादु","दीपनी, मेध्या, रसायनी, चक्षुष्या, आयुष्या, बृंहणी, अनुलोमिनी,   श्वास, कास, प्रमेह, अर्श, कुष्ठ, शोथ, उदरक्रिमी  वैस्वर्य, ग्रहणीरोग, विबन्ध,विषमज्वर,  गुल्म, आध्मान, तृषा, छर्दि, हिक्का, कण्डू, हृदामय,  कामला, शूल, अनाह, प्लीह, यकृत्,  अश्मरी, मूत्रकृच्छ्र, मूत्राघात",,,COMMENTARY_AS_HEADWORD|MULTI_ENTITY_OR_GROUP_HEADWORD,
BPN_0007,अथ हरीतक्याः प्रभावनिबन्धनं दोषहन्तृत्वं न तु रसनिबन्धनमित्याह,,,,हरीतक्यादिवर्गः,"Rasa: स्वादु, तिक्त, कषाय, अम्ल, कटु","पित्तहृत्, कफहृत्, वातहृत्, त्रिदोषहन्तृत्व",,,COMMENTARY_AS_HEADWORD|HEADWORD_TOO_LONG|MULTI_ENTITY_OR_GROUP_HEADWORD,
BPN_0008,अथ हरीतक्यां तद्रसादीनां स्थानान्याह,,,,हरीतक्यादिवर्गः,Rasa: पथ्याया मज्जनि – स्वादु; स्नाय्वाम् – आम्ल; वृन्ते – तिक्त; त्वचि – कटु; अस्थि - तुवर,,,,COMMENTARY_AS_HEADWORD|HEADWORD_TOO_LONG|MULTI_ENTITY_OR_GROUP_HEADWORD|NO_KARMA_FOR_RECOMMENDATION,
BPN_0009,अथ उत्तमहरीतक्या लक्षणान्याह,,,,हरीतक्यादिवर्गः,"Guna: स्निग्धा, घना, वृत्तागुर्वी","क्षिप्ता, अम्भसि - अतिगुणप्रदा",,,COMMENTARY_AS_HEADWORD|HEADWORD_TOO_LONG|MULTI_ENTITY_OR_GROUP_HEADWORD,
BPN_0010,अथ हरीतक्याः प्रयोगभेदेन फलभेदानाह,,,,हरीतक्यादिवर्गः,,"अग्निवर्धका, मलशोधिनी, स्विन्ना, संग्राहिणी, पथ्या, भृष्टा, त्रिदोषनुत्, बुद्धिबल-इन्द्रिय-उन्मीलिनी, पित्तकफननिर्मूलिनी, मूत्र-शकृत् -लविस्रंसिनी, अन्नपानकृतदोष-अन्वात-पित्त-कफोद्भव आशुहरा, लवणेन कफहरा, सशर्करया पित्तहरा, घृतेन वातजान्, गुडान्वितसर्वरोगहर",,,COMMENTARY_AS_HEADWORD|HEADWORD_TOO_LONG|MULTI_ENTITY_OR_GROUP_HEADWORD,MISSING_CLASSICAL_PROPERTIES
BPN_0011,विभीतकः (त्रिलिङ्गकः),"अक्ष, कर्षफल, कलिद्रुम, भूतवास, कलियुगालय",,,हरीतक्यादिवर्गः,"Rasa: कषाय | Guna: शीतल, रूक्ष, लघु | Virya: उष्ण | Vipaka: मधुर","कफपित्तनुत्, भेदन, कासनाशन, नेत्रहित, केश्य, कृमिवैस्वर्यनाशन, मज्जा-तृट्-छर्दि-कफवातहर, मदकृत्",,,MULTI_ENTITY_OR_GROUP_HEADWORD,
BPN_0021,आर्द्रम्,,,,हरीतक्यादिवर्गः,"Rasa: , कटु, | Guna: गुरु, तीक्ष्ण | Virya: उष्ण | Vipaka: मधुर","श्लेष्मप्रसेकि, अपित्तल",,,CONTEXT_DEPENDENT_HEADWORD,
BPN_0027,पञ्चकोलम्,,,,हरीतक्यादिवर्गः,Rasa: कटु | Guna: तीक्ष्ण | Virya: उष्ण | Vipaka: कटु,"रुचिकृत्, पाचन, श्रेष्ठ, दीपन, कफ-वातनुत्, गुल्म-प्लीह-उदरानाह-शूलघ्न, पित्तकोपन",,,MULTI_ENTITY_OR_GROUP_HEADWORD,
BPN_0033,कृष्णजीरक,"कृष्णजीर, सुगन्ध, उद्गारशोधन",,,हरीतक्यादिवर्गः,,,,,NO_PROPERTIES_OR_KARMA,
BPN_0034,कालिका,"कालाजाजी, सुषवी, कालिका, उपकालिका, पृथ्वीका, कारवी, पृथ्वी, पृथु, कृष्णा, उपकुञ्चिका, उपकुञ्ची, कुञ्ची, बृहज्जीरक",,,हरीतक्यादिवर्गः,,,,,NO_PROPERTIES_OR_KARMA,
BPN_0036,आर्द्रम्,,,,हरीतक्यादिवर्गः,Rasa: स्वादु,पित्तनाशन,,,CONTEXT_DEPENDENT_HEADWORD,
BPN_0039,मेथी-वनमेथी,"मेथिका, मेथिनी, मेथी, दीपनी, बहुपत्रिका, बोधिनी, बहुबीजा, ज्योतिः, गन्धफला, वल्लरी, चन्द्रिका, मन्था, मिश्रपुष्पा, कैरवी, कुञ्जिका, बहुपर्णी, पीतबीजा, मुनिच्छदा",,,हरीतक्यादिवर्गः,,"वातशामनी, श्लेष्मघ्नी, ज्वरनाशिनी, स्वल्पगुणवती",,,MULTI_ENTITY_OR_GROUP_HEADWORD,MISSING_CLASSICAL_PROPERTIES
BPN_0044,पारसीक (खुरासानी),,,,हरीतक्यादिवर्गः,,वातहर,,,MULTI_ENTITY_OR_GROUP_HEADWORD,MISSING_CLASSICAL_PROPERTIES
BPN_0047,महाभरीवचा (कुलिञ्जन),,,,हरीतक्यादिवर्गः,,"कफ-कासनुत्, सुस्वरत्वकरी, रुच्या, हृत्कण्ठ-मुखशोधिनी",,,MULTI_ENTITY_OR_GROUP_HEADWORD,MISSING_CLASSICAL_PROPERTIES
BPN_0048,अथ अपरा सुगन्धा स्थूलग्रन्थिः यस्या लोके महाभरी इति नाम तस्या गुणानाह,,,,हरीतक्यादिवर्गः,,हीनगुणा,,,COMMENTARY_AS_HEADWORD|HEADWORD_TOO_LONG|MULTI_ENTITY_OR_GROUP_HEADWORD,MISSING_CLASSICAL_PROPERTIES
BPN_0052,हपुषा,"अश्वत्थाफला, मत्स्यगन्धा, प्लीहहन्त्री, विषघ्नी, ध्वाङ्क्षनाशिनी",,,हरीतक्यादिवर्गः,,,,,NO_PROPERTIES_OR_KARMA,
BPN_0058,अष्टवर्गः,,,,हरीतक्यादिवर्गः,Rasa: स्वादु | Guna: गुरु | Virya: शीत,"बृंहण, शुक्रल, भग्नसन्धानकृत्, काम-कफ-बला-सबल-वर्द्धन, वात-पित्त-अस्रतृड्-दाह-ज्वर-मेहक्षयप्रणुत्",,,MULTI_ENTITY_OR_GROUP_HEADWORD,
BPN_0061,ऋषभक,"ऋषभ, वृषभ, धीर, विषाणी, द्राक्ष",,,हरीतक्यादिवर्गः,,,,,NO_PROPERTIES_OR_KARMA,
BPN_0064,महामेदा,"महामेदा, वसुच्छिद्रा, त्रिदन्ती, देवतामणि",,,हरीतक्यादिवर्गः,,,,,NO_PROPERTIES_OR_KARMA,
BPN_0067,क्षीरकाकोली,"शुक्ला, क्षीरकाकोली, वयस्था, क्षीरवल्लिका, क्षीरिणी, धीरा, क्षीरशुक्ला, पयस्विनी",,,हरीतक्यादिवर्गः,,,,,NO_PROPERTIES_OR_KARMA,
BPN_0068,ऋद्धिवृद्ध्यौ,"योग्य, सिद्धि, लक्ष्मी",,,हरीतक्यादिवर्गः,,,,,NO_PROPERTIES_OR_KARMA,
BPN_0088,भार्गी (भारङ्गी),"भार्गी, भृगुभवा, पद्मा, फञ्जी, ब्राह्मणयष्टिका, ब्राह्मणी, अङ्गारवल्ल, खरशाक, हञ्जिका",,,हरीतक्यादिवर्गः,"Rasa: कटु, तिक्त, तुवर | Guna: रूक्ष, लघु | Virya: उष्ण","पाचनी, दीपनी, गुल्म-रक्तदोष-शोथ-कास-कफ-श्वास-पीनस-ज्वर-मारुतहर",,,MULTI_ENTITY_OR_GROUP_HEADWORD,
BPN_0102,तत्फलम्,,,,हरीतक्यादिवर्गः,Rasa: कटु | Virya: उष्ण,कुष्ठ-कण्डू-दद्रु-विषा-अनिल-गुल्म-कास-क्रिमि-श्वास-नाशन,,,CONTEXT_DEPENDENT_HEADWORD,
BPN_0105,पट्टिकालोध्रः,"पट्टिकालोध्र, क्रमुक, स्थूलवल्कल, जीर्णपत्र, बृहत्पत्र, पट्टी, लाक्षा प्रसादन",,,हरीतक्यादिवर्गः,,,,,NO_PROPERTIES_OR_KARMA,
BPN_0106,लशुना,"रसोनः, उग्रगन्धः, अरिष्टः, म्लेच्छकन्दः, यवनेष्टः, रसोनकः",,,हरीतक्यादिवर्गः,,,,,NO_PROPERTIES_OR_KARMA,
BPN_0107,अथ लशुने रसस्थानान्याह,,,,हरीतक्यादिवर्गः,,पत्रेषु तिक्त; मूलेषु कटु; नाले कषाय; नालाग्रे  लवण; बीजे मधुर,,,COMMENTARY_AS_HEADWORD|MULTI_ENTITY_OR_GROUP_HEADWORD,MISSING_CLASSICAL_PROPERTIES
BPN_0108,अथ लशुनगुणानाह,,,,हरीतक्यादिवर्गः,"Rasa: कटु, मधुर | Guna: स्निग्ध, तीक्ष्ण, गुरु | Virya: उष्ण | Vipaka: कटु","बृंहण, वृष्य, पाचन, सर, भग्नसन्धानकृत्, कण्ठ्य, पित्ता-अस्रवृद्धिद, बलवर्णकर, मेधाहित, नेत्र्य, रसायन, हृद्रोग-जीर्ण-ज्वर-कुक्षि-शूल-विबन्ध-गुल्मा-अरुचि-कास-शोथ-दुर्नाम-कुष्ठानलसादजन्तु-समीरण-श्वास-कफह",,,COMMENTARY_AS_HEADWORD|MULTI_ENTITY_OR_GROUP_HEADWORD,
BPN_0110,भल्लातकः,"भल्लातक, अरुष्क, अरुष्कर, अग्निक, अग्निमुखी, भल्ली, वीरवृक्ष, शोफकृत्",,,हरीतक्यादिवर्गः,,,,,NO_PROPERTIES_OR_KARMA,
BPN_0111,,,,,हरीतक्यादिवर्गः,"Rasa: स्वादु, कषाय | Guna: लघु, स्निग्ध, तीक्ष्ण | Virya: उष्ण | Vipaka: स्वादु","पाचन, छेदि, भेद, मेध्य, वह्निकर, कफ-वात-व्रणो-उदरकुष्ठा-आर्श-ग्रहणी-गुल्म-शोफा-आनाह-ज्वर-क्रिमीहर",,,MISSING_HEADWORD,
BPN_0115,अथ सामान्यतो भल्लातकगुणानाह,,,,हरीतक्यादिवर्गः,"Rasa: कषाय, मधुर | Guna: लघु | Virya: उष्ण","शुक्रल, वात-श्लेष्म-उदरा-आनाह-कुष्ठा-आर्श-ग्रहणी-गदा-गुल्म-ज्वर-श्वित्र-वह्निमान्द्य-कृमि-व्रणापह",,,COMMENTARY_AS_HEADWORD|HEADWORD_TOO_LONG|MULTI_ENTITY_OR_GROUP_HEADWORD,
BPN_0122,सामुद्रं लवणम्,"अक्षीव, वशिरा, समुद्रज, सागरज, लवणोदधिसम्भव",,,हरीतक्यादिवर्गः,"Rasa: तिक्त, मधुर, क्षार | Guna: गुरु, तीक्ष्ण | Virya: उष्ण | Vipaka: मधुर","दीपन, भेदि, विदाहि, श्लेष्मल, वातनुत्, नातिशीतल",,,MULTI_ENTITY_OR_GROUP_HEADWORD,
BPN_0124,,,,,हरीतक्यादिवर्गः,"Guna: लघु, तीक्ष्ण, रूक्ष | Virya: उष्ण","दीपन, रुच्य, व्यवायि, विबन्धा-आनाह-विष्टम्भ-हृद्रुग्गौरव-शूलनुत्",,,MISSING_HEADWORD,
BPN_0126,खानिजं लवणम्,"औद्भिद, पांशुलवण",,,हरीतक्यादिवर्गः,"Rasa: कटु, क्षार | Guna: गुरु, स्निग्ध | Virya: शीतल",वातनाशन,,,MULTI_ENTITY_OR_GROUP_HEADWORD,
BPN_0130,सुवर्चिका,"सौरक्षार, सूर्यक्षार, सौवर्चल, वह्न्युत्तेजक, सुवर्चिका, कर्पूर शिलाजतु",,,हरीतक्यादिवर्गः,,,,,NO_PROPERTIES_OR_KARMA,
BPN_0132,क्षारद्वयम्,,,,हरीतक्यादिवर्गः,,"उक्तगुणकृत्, गुल्महृत्, पलाशवज्रिशिखरिचिश्चाऽर्कतिलनालज गुल्मशूलहर",,,MULTI_ENTITY_OR_GROUP_HEADWORD,MISSING_CLASSICAL_PROPERTIES
BPN_0141,चन्दनम्,"श्रीखण्ड, चन्दन, भद्रश्री, तैलपर्णिक, गन्धसार, मलयज चन्द्रद्युति",,,कर्पूरादिवर्गः,,,,,NO_PROPERTIES_OR_KARMA,
BPN_0142,अथ चन्दनस्य गुणानाह,,,,कर्पूरादिवर्गः,"Rasa: तिक्त | Guna: रूक्ष, लघु | Virya: शीत","आह्लादन, श्रम-शोष-विष-श्लेष्म-तृष्णा-पित्ता-अस्र-दाहनुत्",,,COMMENTARY_AS_HEADWORD|MULTI_ENTITY_OR_GROUP_HEADWORD,
BPN_0151,पिण्डतगरम्,"पिण्डतगर, दण्डहस्ती, बर्हिण",,,कर्पूरादिवर्गः,,,,,NO_PROPERTIES_OR_KARMA,
BPN_0153,गुग्गुलुः,"गुग्गुलु, देवधूप, जटायु, कौशिक, पुर, कुम्भोलूखलक, महिषाक्ष, पलङ्कष",,,कर्पूरादिवर्गः,,,,,NO_PROPERTIES_OR_KARMA,
BPN_0155,सामान्यतो गुग्गुलुगुणानाह,,,,कर्पूरादिवर्गः,"Rasa: कषाय, कटु, तिक्त | Guna: रूक्ष, लघु, पिच्छिल | Virya: उष्ण | Vipaka: कटु","पित्तल, सर, पिच्छिल, भग्नसन्धानकृद्, वृष्य, सूक्ष्म, स्वर्य, रसायनः, दीपन, बल्यः कफ-वात-व्रणापची, मेदो-मेहाश्म-वात-क्लेद-कुष्ठ-आम-मारुत-पिडका-ग्रन्थि-शोफ-अशगण्डमालाकृमीञ्जय, वातोपशम, पित्तहा, कफजित्, सर्वदोषहा",,,COMMENTARY_AS_HEADWORD|HEADWORD_TOO_LONG|MULTI_ENTITY_OR_GROUP_HEADWORD,
BPN_0161,तुरुष्कः (शिलारसः),"तुरुष्क, सिह्लक, कपितैल, कपिनामक",,,कर्पूरादिवर्गः,"Rasa: कटु, स्वादु | Guna: स्निग्ध | Virya: उष्ण","शुक्र-कान्तिकृत्, वृष्य, कण्ठ्य, स्वेद-कुष्ठ-ज्वर-दाह-ग्रहापह",,,MULTI_ENTITY_OR_GROUP_HEADWORD,
BPN_0171,"त्रिजातकं, चातुर्जातकम्","दालचीनी, इलायची, तेजपात",,,कर्पूरादिवर्गः,"Guna: लघु, रूक्ष, तीक्ष्ण | Virya: उष्ण","रोचन, मुखगन्धहृत्, पित्ताग्निकृत्, वर्ण्य, कफ-वात-विषापह",,,MULTI_ENTITY_OR_GROUP_HEADWORD,
BPN_0174,नखं नखी,"नख, व्याघ्रनख, व्याघ्रायुध, चक्रकारक",,,कर्पूरादिवर्गः,"Rasa: स्वादु, कटु | Guna: लघु | Virya: उष्ण | Vipaka: कटु","ग्रह-श्लेष्म-वाता-अस्र-ज्वर-कुष्ठहृत्, शुक्रल, वर्ण्य, व्रणविषापह, अलक्ष्मी-मुखदौर्गन्ध्यहृत्",,,MULTI_ENTITY_OR_GROUP_HEADWORD,
BPN_0175,बालम्,"बाल, ह्रीबेर, बर्हिष्ठ, उदीच्य, केशनाम, अम्बुनाम",,,कर्पूरादिवर्गः,"Guna: रूक्ष, लघु | Virya: शीत","दीपनपाचन, हृल्लास-रुचि-वीसर्प-हृद्रोगा-आम- अतिसारजित्",,,CONTEXT_DEPENDENT_HEADWORD,
BPN_0181,नगरमुस्तकम्,"क्रोडकसेरुक, भद्रमुस्त, गुन्द्रा, नागरमुस्तक",,,कर्पूरादिवर्गः,,,,,NO_PROPERTIES_OR_KARMA,
BPN_0185,"प्रियङ्गु, गन्धिप्रियङ्गु","प्रियङ्गु, फलिनी, कान्ता, लता, महिलाह्वया, गुन्द्रा, गन्धफला, श्यामा, विश्वक्सेनाङ्गना, प्रिया",,,कर्पूरादिवर्गः,"Rasa: तिक्त, तुवर | Virya: शीत","अनिलपित्तहृत्, रक्ता- अतीसार-दौर्गन्ध्य-स्वेद-दाह-ज्वरापहा, वान्ति-भ्रान्ति-अतिसारघ्नी, वक्त्रजाड्यविनाशिनी, गुल्मतृड्विष-मोहघ्नी, गन्धप्रियङ्गुकावत्",,,HEADWORD_TOO_LONG|MULTI_ENTITY_OR_GROUP_HEADWORD,
BPN_0186,अथ तत्फलगुणानप्याह,,,,कर्पूरादिवर्गः,"Rasa: मधुर, कषाय | Guna: रूक्ष, गुरु | Virya: शीत",विबन्ध-आध्मान-बलकृत्-संग्राहि-कफ-पित्तजित्,,,COMMENTARY_AS_HEADWORD|MULTI_ENTITY_OR_GROUP_HEADWORD,
BPN_0190,अथ ग्रन्थिपर्णस्यैव भेदः।  तस्य नामानि गुणाँश्चाह,"निशाचर, धनहर, कितव, गणहासक, चोरक, शङ्कित, चण्ड, दुष्पत्र, क्षेमक, रिपु",,,कर्पूरादिवर्गः,"Rasa: मधु, तिक्त, कटु | Guna: लघु, तीक्ष्ण | Virya: शीत | Vipaka: कटु","हृद्य, कुष्ठ-कण्डू-कफा-अनिलापह, रक्षोऽश्री-स्वेद-मेदोऽ-अस्र-ज्वर-गन्ध-विष-व्रणापह",,,COMMENTARY_AS_HEADWORD|VERSE_OR_MULTILINE_HEADWORD|HEADWORD_TOO_LONG|MULTI_ENTITY_OR_GROUP_HEADWORD,
BPN_0205,अथ गम्भारी फलगुणानाह,,,,गुडूच्यादिवर्गः,"Rasa: तुवर, आम्ल | Guna: गुरु, स्निग्ध | Virya: शीत | Vipaka: स्वादु","बृंहण, वृष्य, केश्य, रसायन, वात-पित्त-तृषा-रक्त-क्षय-मूत्र-विबन्धनुत्, विशुद्धिकृत्, दाह-तृषा-वात-रक्त-पित्त-क्षत-क्षया-पह",,,COMMENTARY_AS_HEADWORD|MULTI_ENTITY_OR_GROUP_HEADWORD,
BPN_0207,अथ तत्पुष्पफलयोर्गुणानाह,,,,गुडूच्यादिवर्गः,"Rasa: कषाय, मधुर | Virya: शीत","हृद्य, कफा-अस्रनुत्, पित्ता-अतिसार-हृत्, कण्ठ्य, हिक्का-अस्र-पित्तहृत्",,,COMMENTARY_AS_HEADWORD|MULTI_ENTITY_OR_GROUP_HEADWORD,
BPN_0210,अथ शयेनाकस्य बालप्रौढफलयोर्गुणानाह,,,,गुडूच्यादिवर्गः,"Rasa: कषाय, मधुर | Guna: रूक्ष, लघु, गुरु","वात-कफापह, हृद्य, रोचन, दीपन, गुल्मा-आर्शः-कृमिहृत्, प्रौढ, वात-प्रकोपण",,,COMMENTARY_AS_HEADWORD|HEADWORD_TOO_LONG|MULTI_ENTITY_OR_GROUP_HEADWORD,
BPN_0215,कण्टकारी,"कण्टकारी, दुःस्पर्शा, क्षुद्रा, व्याघ्री, निदिग्धिका, कण्टालिका, कण्टकिनी, धावनी बृहती",,,गुडूच्यादिवर्गः,,,,,NO_PROPERTIES_OR_KARMA,
BPN_0216,अथ कण्टकारी गुणानाह,,,,गुडूच्यादिवर्गः,"Rasa: तिक्त, कटु | Guna: रूक्ष, लघु | Virya: उष्ण","सरा, दीपनी,  पाचनी, कास-श्वास-ज्वर-कफा-अनिलापह, पीनस-पार्श्वपीडा-कृमि-हृदामयापह",,,COMMENTARY_AS_HEADWORD|MULTI_ENTITY_OR_GROUP_HEADWORD,
BPN_0217,अथ कण्टकारीद्वयफलगुणानाह,,,,गुडूच्यादिवर्गः,"Rasa: कटु, तिक्त | Guna: लघु | Vipaka: कटु","शुक्ररेचन, भेदि, पित्ता-ग्निकृत्, कफ-मरुत्-कण्डू-कास-मेद-कृमि-ज्वरा-पह",,,COMMENTARY_AS_HEADWORD|MULTI_ENTITY_OR_GROUP_HEADWORD,
BPN_0218,अथ श्वेतपुष्पकण्टकार्या गुणानाह,,,,गुडूच्यादिवर्गः,,गर्भकारिणी,,,COMMENTARY_AS_HEADWORD|HEADWORD_TOO_LONG|MULTI_ENTITY_OR_GROUP_HEADWORD,MISSING_CLASSICAL_PROPERTIES
BPN_0225,जीवनीयगणः,,,,गुडूच्यादिवर्गः,Guna: गुरु | Virya: शीत,"शुक्रकृद्, बृंहणो, गर्भप्रद, स्तन्य-कफ-कृत्, पित्त-रक्त-हृत्, तृष्णा-शोष-ज्वर-दाह-रक्त-पित्त-व्यपोह",,,MULTI_ENTITY_OR_GROUP_HEADWORD,
BPN_0226,शुक्ल-रक्त-एरण्डौ,"शुक्लैरण्ड, आमण्ड, चित्र, गन्धर्वहस्तक, पञ्चाङ्गुल, वर्धमान, दीर्घदण्ड, व्यडम्बक, वातारि, तरुण रुबूक -  रक्तैरण्ड, रुबूक, उरुबूक, रुबु, व्याघ्रपुच्छ, वातारि, चञ्जु और उतानपत्रक",,,गुडूच्यादिवर्गः,Rasa: मधुर | Guna: गुरु | Virya: उष्ण,"ब्रध्न-श्वास-कफा-आनाह-कास-कुष्ठा-आम-मारुत-नाशक, शूल-शोथ-कटी-बस्ति-शिरपीडो-उदरज्वरापह",,,MULTI_ENTITY_OR_GROUP_HEADWORD,
BPN_0227,अथ एरण्डपत्राग्र पत्रफलमज्जगुणानाह,,,,गुडूच्यादिवर्गः,Rasa: कटु | Virya: उष्ण,"वातघ्न, कफ-क्रिमि-विनाशन, मूत्र-कृच्छ्र-हर, पित्त-रक्त-प्रकोपण,  वातार्यग्रदल-गुल्म-बस्ति-शूलहर, कफ-वात-कृमीहर, गुल्म-शूला-अनिलापह, यकृत्प्लीहो-उदरार्शोघ्न, दीपन, विडभेदी, वात-श्लेष्मो-उदरापह",,,COMMENTARY_AS_HEADWORD|HEADWORD_TOO_LONG|MULTI_ENTITY_OR_GROUP_HEADWORD,
BPN_0228,शुक्ल-रक्त-अर्कौ,"श्वेतांक, गणरूप, मन्दार, वसुक, श्वेतपुष्प, सदापुष्प, अलर्क प्रतापस -  रक्तार्क, अर्कनामा , अर्कपर्ण, विकीरण, रक्तपुष्प, शुक्लफल तथा आस्फोट",,,गुडूच्यादिवर्गः,,"सर, वात-कुष्ठ-कण्डू-विष-व्रणा-पह, प्लीह-गुल्मा-आर्श-श्लेष्मो-उदर-शकृत्-कृमीहर",,,MULTI_ENTITY_OR_GROUP_HEADWORD,MISSING_CLASSICAL_PROPERTIES
BPN_0229,अथ शुक्लरक्तार्कयोः पुष्पगुणानाह,,,,गुडूच्यादिवर्गः,"Rasa: मधुर, तिक्त","वृष्यं लघु दीपनपाचनम् अरोचकप्रसेकार्शः कास-श्वास-निवारणम्, कुष्ठ-कृमिघ्न, कफ-नाशन, अर्श, विषहन, रक्तपित्त, संग्राहि, गुल्म-श्वयथ-हितकर",,,COMMENTARY_AS_HEADWORD|HEADWORD_TOO_LONG|MULTI_ENTITY_OR_GROUP_HEADWORD,
BPN_0230,अथ अर्कदुग्धगुणानाह,,,,गुडूच्यादिवर्गः,"Rasa: तिक्त, लवण | Guna: स्निग्ध, लघु | Virya: उष्ण","कुष्ठ-गुल्मो-उदरहर, श्रेष्ठमेतद्विरेचन",,,COMMENTARY_AS_HEADWORD|MULTI_ENTITY_OR_GROUP_HEADWORD,
BPN_0232,अथ स्नुहीदुग्धगुणानाह,,,,गुडूच्यादिवर्गः,"Rasa: कटु | Guna: स्निग्ध, लघु | Virya: उष्ण",गुल्मि-कुष्ठि-उदररोगि-विरेका-दीर्घरोगिहितकर,,,COMMENTARY_AS_HEADWORD|MULTI_ENTITY_OR_GROUP_HEADWORD,
BPN_0235,श्वेत-रक्त-करवीरौ,"करवीर, श्वेतपुष्प, शतकुम्भ अश्वमारक",,,गुडूच्यादिवर्गः,"Rasa: तिक्त, कषाय, कटु | Virya: उष्ण","व्रण-लाघवकृन्नेत्रकोप-कुष्ठ-व्रणापह, कृमिकण्डूघ्न, भक्षितविषवत्",,,MULTI_ENTITY_OR_GROUP_HEADWORD,
BPN_0240,पत्रम्,,,,गुडूच्यादिवर्गः,Vipaka: कटु,"नेत्र्य, कृमि-पित्त-विष-प्रणुत्, वातल, सर्वारोचक-कुष्ठनुत्",,,CONTEXT_DEPENDENT_HEADWORD,
BPN_0241,फलम्,,,,गुडूच्यादिवर्गः,"Rasa: तिक्त, कटु | Guna: स्निग्ध, लघु | Virya: उष्ण | Vipaka: कटु","कुष्ठघ्न, गुल्म-आर्श-कृमि-मेह-नुत्",,,CONTEXT_DEPENDENT_HEADWORD,
BPN_0244,पत्रम्,,,,गुडूच्यादिवर्गः,,"पित्तरोगघ्न, कर्णव्याधिविनाशन",,,CONTEXT_DEPENDENT_HEADWORD,MISSING_CLASSICAL_PROPERTIES
BPN_0247,अथ शिग्रुवल्कलपत्रस्वरसगुणानाह,,,,गुडूच्यादिवर्गः,,स्वरसपरमार्त्तिहृत्,,,COMMENTARY_AS_HEADWORD|HEADWORD_TOO_LONG|MULTI_ENTITY_OR_GROUP_HEADWORD,MISSING_CLASSICAL_PROPERTIES
BPN_0248,अथ शिग्रुबीजगुणानाह,,,,गुडूच्यादिवर्गः,Guna: तीक्ष्ण | Virya: उष्ण,"चक्षुष्य, विषनाशन, अवृष्य, कफ-वातघ्न, शिरोऽर्त्तिनुत्",,,COMMENTARY_AS_HEADWORD|MULTI_ENTITY_OR_GROUP_HEADWORD,
BPN_0249,श्वेत-नील-अपराजिता,"आस्फोता, गिरिकर्णी, विष्णुकान्ता और अपराजिता",,,गुडूच्यादिवर्गः,"Guna: तिक्त, कटु, कषाय | Virya: शीत | Vipaka: कटु","मेध्य, कण्ठ्य, सुदृष्टिद, कुष्ठ-मूत्र-अग्निदोषा-आम-शोथ-व्रण-विषापह, स्मृतिबुद्धिद",,,MULTI_ENTITY_OR_GROUP_HEADWORD,
BPN_0251,अथ सिन्दुवारपत्रगुणानाह,,,,गुडूच्यादिवर्गः,Guna: लघु,जन्तु-वात-श्लेष्म-हर,,,COMMENTARY_AS_HEADWORD|MULTI_ENTITY_OR_GROUP_HEADWORD,
BPN_0253,कण्टककरञ्ज-घृतकरञ्ज,"करञ्ज, नक्तमाल, करज चिरबिल्वक",,,गुडूच्यादिवर्गः,Rasa: कटु | Guna: तीक्ष्ण | Virya: उष्ण,"योनिदोषहृत्, कुष्ठो-उदावर्त्त-गुल्मा-आर्शो-व्रण-क्रिमि-कफा-पह",,,MULTI_ENTITY_OR_GROUP_HEADWORD,
BPN_0254,पत्रम्,,,,गुडूच्यादिवर्गः,Guna: लघु | Virya: उष्ण | Vipaka: कटु,"कफ-वाता-आर्शः-कृमि-शोथ-हर, भेदन, पित्तल",,,CONTEXT_DEPENDENT_HEADWORD,
BPN_0255,फलम्,,,,गुडूच्यादिवर्गः,,"कफ-वातघ्न, मेहा-आर्शः-कृमि-कुष्ठ-जित्",,,CONTEXT_DEPENDENT_HEADWORD,MISSING_CLASSICAL_PROPERTIES
BPN_0257,गुञ्जा -श्वेत-रक्ता च,"श्वेतगुंजा, उच्चटा (श्वेतोच्चटा) कृष्णला",,,गुडूच्यादिवर्गः,,"केश्य, वात-पित्त-ज्वरा-पह, मुखशोष-भ्रम-श्वास-तृष्णा-मदविनाशन, नेत्रामयहर, वृष्य-बल्य-कण्डू-व्रणहर, कृमीन्द्रलुप्त-कुष्ठ",,,MULTI_ENTITY_OR_GROUP_HEADWORD,MISSING_CLASSICAL_PROPERTIES
BPN_0259,अथ तद्बीजगुणानाह,,,,गुडूच्यादिवर्गः,,"वातशमन, वाजीकर",,,COMMENTARY_AS_HEADWORD|MULTI_ENTITY_OR_GROUP_HEADWORD,MISSING_CLASSICAL_PROPERTIES
BPN_0267,फलम्,,,,गुडूच्यादिवर्गः,Rasa: स्वादु | Virya: शीत | Vipaka: गुरु,"श्लेष्मघ्न, बृंहण, बल्य, विरेचन, वात-पित्त-दाह-क्षया-अस्रजित्",,,CONTEXT_DEPENDENT_HEADWORD,
BPN_0268,बलाचतुष्टयम्,"बला, वाट्यालिका, वाट्या तथा वाट्यालका महाबला, पीतपुष्पा और सहदेवी अतिबला, ऋष्यप्रोक्ता और कङ्कतिका",,,गुडूच्यादिवर्गः,Rasa: मधुर | Guna: स्निग्ध | Virya: शीत,"बलका-न्तिकृत्, ग्राहि, समीरास्र पित्तास्र क्षतनाशन, सक्षीरशर्कर-मूत्रातिसारहर, महाबलाकृच्छ्रहर, वातानुलोमिनी, अतिबलानाशन",,,MULTI_ENTITY_OR_GROUP_HEADWORD,
BPN_0272,पत्रम्,,,,गुडूच्यादिवर्गः,,"समीरघ्न, रक्तकृत्, मूत्रवर्द्धन, कर्णपिडका-नादपूयास्रावविनाशन",,,CONTEXT_DEPENDENT_HEADWORD,MISSING_CLASSICAL_PROPERTIES
BPN_0273,बीजम्,,,,गुडूच्यादिवर्गः,"Guna: गुरु, स्निग्ध","स्तन्यद, वृष्य, , कफकर",,,CONTEXT_DEPENDENT_HEADWORD,
BPN_0274,अथ वंशः।  तस्य नामगुणानाह,,,,गुडूच्यादिवर्गः,"Rasa: स्वादु, कषाय | Virya: शीत","सर, बस्तिशोधन, छेदन, कफ-पित्तघ्न, कुष्ठा-अस्र-व्रण-शोथजित्",,,COMMENTARY_AS_HEADWORD|VERSE_OR_MULTILINE_HEADWORD|HEADWORD_TOO_LONG|MULTI_ENTITY_OR_GROUP_HEADWORD,
BPN_0275,वंशः,"वंश, त्वक्सार, कर्मार, त्वचिसार, तृणध्वज, शतपर्वा, यवफल, वेणु, मस्कर तेजन",,,गुडूच्यादिवर्गः,,,,,NO_PROPERTIES_OR_KARMA,
BPN_0291,अथ मुशलीकन्दः । तस्य लक्षणगुणानाह,,,,गुडूच्यादिवर्गः,"Rasa: मधुर, तिक्त | Guna: गुरु | Virya: उष्ण","बृंहणी, रसायनी, गुदजान्यनिलनाशन",,,COMMENTARY_AS_HEADWORD|VERSE_OR_MULTILINE_HEADWORD|HEADWORD_TOO_LONG|MULTI_ENTITY_OR_GROUP_HEADWORD,
BPN_0292,शतावरी महाशतावरी,"शतावरी, बहुसुता, भीरुः, इन्दीवरी, वरी, नारायणी, शतपदी, शतवीर्या पीवरी -महाशतावरी, शतमूली, ऊर्ध्वकण्टिका, सहस्रवीर्या, हेतुः, ऋष्यप्रोक्ता महोदरी",,,गुडूच्यादिवर्गः,"Rasa: तिक्त, स्वादु | Guna: स्निग्ध, लघु, गुरु | Virya: शीत",शतावरी रसायनी मेधाऽ-अग्निपुष्टिदा स्निग्धा नेत्र्या गुल्मा-अतिसारजित्  शुक्र-स्तन्य-करी वल्या वात-पित्ता-अस्र-शोथ-जित् महाशतावरी मेध्या हृद्या वृष्या रसायनी  निहन्त्य-अर्शों-ग्रहणी-नयनामयान्  तदङ्कुर-स्त्रिदोषघ्नो लघुरर्शः क्षयापहा,,,MULTI_ENTITY_OR_GROUP_HEADWORD,
BPN_0297,लघुदन्ती बृहद्दन्ती च,,,,गुडूच्यादिवर्गः,Rasa: कटु | Guna: तीक्ष्ण | Virya: उष्ण | Vipaka: कटु,"सर, दीपन, गुदाङ्कुरा-अश्म-शूला-अस्र-कण्डू-कुष्ठ-विदाहनुत्, पित्ता-अस्र-कफ-शोथो-उदरक्रिमीहर",,,MULTI_ENTITY_OR_GROUP_HEADWORD,
BPN_0298,अथ लघुदन्तीफलम्।  तस्य गुणानाह,,,,गुडूच्यादिवर्गः,Rasa: मधुर | Virya: शीत | Vipaka: मधुर,"विण्मूत्रहरण, गर-शोथ-कफापह",,,COMMENTARY_AS_HEADWORD|VERSE_OR_MULTILINE_HEADWORD|HEADWORD_TOO_LONG|MULTI_ENTITY_OR_GROUP_HEADWORD,
BPN_0301,इन्द्रवारुणी महेन्द्रवारुणी,"ऐन्द्री, इन्द्रवारुणी, चित्रा, गवाक्षी, गवादनी वारुणी  - विशाला, महाफला, श्वेतपुष्पा, मृगाक्षी, मृगैर्वारु मृगादनी",,,गुडूच्यादिवर्गः,Rasa: तिक्त | Guna: लघु | Virya: उष्ण | Vipaka: कटु,"सर, कामला-पित्त-कफ-प्लीहोउदरापह, श्वास-कासा-पह, कुष्ठ-गुल्म-ग्रन्थि-व्रण-प्रणुत्, प्रमेह-मूढ-गर्भा-आम-गण्डामय-विषापह",,,HEADWORD_TOO_LONG|MULTI_ENTITY_OR_GROUP_HEADWORD,
BPN_0305,यवासा दुरालभा च,"यास, यवास, दुःस्पर्श, धन्वयास और कुनाशक दुरालभा, दुरालम्भा, समुद्रान्ता, रोदिनी, गान्धारी, कच्छुरा, अनन्ता, कषाया और हरिविग्रहा",,,गुडूच्यादिवर्गः,"Rasa: मधर, तिक्त, कषाय, तुवर | Guna: लघु | Virya: शीत","कफ-मेदो-मद-भ्रान्ति-पित्ता-असृक्-कुष्ठ-कासजित्, तृष्णा-विसर्प-वाता-अस्र-वमि-ज्वरहर",,,MULTI_ENTITY_OR_GROUP_HEADWORD,
BPN_0306,मुण्डी महामुण्डी,"मुण्डी, भिक्षु, श्रावणी, तपोधना, श्रवणाह्वा, मुण्डतिका और श्रवणशीर्षका  - महाश्रावणिका, भूकदम्बिका, कदम्बपुष्पिका, अव्यथा और अतितपस्विनी",,,गुडूच्यादिवर्गः,Rasa: मधुर | Guna: लघु | Virya: उष्ण | Vipaka: कटु,"मेध्या, गण्ड-अपची-कृच्छ्र-कृमि-योन्यर्त्ति-पाण्डुनुत्, श्लीपदा-अरुचि-अपस्मार-प्लीह-मेदो-गुदार्तिहृत्",,,MULTI_ENTITY_OR_GROUP_HEADWORD,
BPN_0309,अथ अपामार्गफलगुणानाह,,,,गुडूच्यादिवर्गः,Rasa: स्वादु | Guna: रुक्ष | Vipaka: स्वादु,"दुर्जर, विष्टम्भि, वातल, रक्त-पित्तप्रसादन",,,COMMENTARY_AS_HEADWORD|MULTI_ENTITY_OR_GROUP_HEADWORD,
BPN_0312,अथ तद्वटिकाया निर्माणविधिं गुणाँश्चाह,,,,गुडूच्यादिवर्गः,,वातहारि,,,COMMENTARY_AS_HEADWORD|HEADWORD_TOO_LONG|MULTI_ENTITY_OR_GROUP_HEADWORD,MISSING_CLASSICAL_PROPERTIES
BPN_0315,रक्तपुष्पा पुनर्नवा,"रक्तपुनर्नवा, रक्तपुष्पा, शिलाटिका, शोथघ्नी, क्षुद्रवर्षाभू, वर्षकेतु",,,गुडूच्यादिवर्गः,Rasa: तिक्त | Guna: लघु | Virya: शीत | Vipaka: कटु,"वातला, ग्राहिणी, श्लेष्म-पित्त-रक्त-विनाशिनी",,,MULTI_ENTITY_OR_GROUP_HEADWORD,
BPN_0317,कृष्णशारिवा,"शारिवा, श्यामा, गोपी और गोपवधू",,,गुडूच्यादिवर्गः,,,,,NO_PROPERTIES_OR_KARMA,
BPN_0318,श्वेतशारिवा,"धवलशारिवा, शारिवा, गोपा, गोपकन्या, कृशोदरी, स्फोटा, श्यामा, गोपवल्ली, लता, आस्फोता और चन्दना",,,गुडूच्यादिवर्गः,,,,,NO_PROPERTIES_OR_KARMA,
BPN_0319,अथ सारिवाद्वयस्य गुणानाह,,,,गुडूच्यादिवर्गः,"Rasa: स्वादु | Guna: स्निग्ध, गुरु","शुक्रकर, अग्निमान्द्या-अरुचि-श्वास-कासा-आम-विष-नाशन, दोषत्रया-त्सप्रदर-ज्वरा-अतिसारनाशन",,,COMMENTARY_AS_HEADWORD|MULTI_ENTITY_OR_GROUP_HEADWORD,
BPN_0345,ब्राह्मी मण्डूकपर्णी,"ब्राह्मी, कपोतवङ्का, सोमवल्ली और सरस्वती  - मण्डूकपर्णी, माण्डूकी, त्वाष्ट्री, दिव्या और महौषधी",,,गुडूच्यादिवर्गः,"Rasa: तिक्त, कषाय, मधुर | Guna: लघु | Virya: शीत | Vipaka: स्वादु","सरा, मध्या, आयुष्या, रसायनी, स्वर्या, स्मृतिप्रदा, कुष्ठ-पाण्डु-मेहा-अस्र-कास-जित्, विष-शोथ-ज्वरहरी",,,MULTI_ENTITY_OR_GROUP_HEADWORD,
BPN_0347,सुवर्चला,"सुवर्चला, सूर्यभक्ता, वरदा, बदरा, सूर्यावर्त्ता और रविप्रोता ब्रह्मसुदुर्लभा",,,गुडूच्यादिवर्गः,,,,,NO_PROPERTIES_OR_KARMA,
BPN_0348,,,,,गुडूच्यादिवर्गः,"Rasa: कटु | Guna: रूक्ष, सरा, गुरु | Virya: शीत | Vipaka: स्वादु","अपित्तला, क्षारा, विष्टम्भ-कफ-वात-जित्",,,MISSING_HEADWORD,
BPN_0349,,,,,गुडूच्यादिवर्गः,"Rasa: तिक्त, कषाय, कटु | Guna: रुक्ष, लघु | Virya: उष्ण","सरा, रुक्ष, लघु, कफ-पित्ता-अस्र-श्वास-कासा-अरुचि-ज्वरा-पह, विस्फोट-कुष्ठ-मेहा-अस्र-योनिरुक्-कृमि-पाण्डु-तापह",,,MISSING_HEADWORD,
BPN_0352,देवदाली पीतदेवदाली च,"देवदाली, वेणी, कर्कटी, गरागरी, देवताड, वृत्तकोश और जीमूत",,,गुडूच्यादिवर्गः,Rasa: तिक्त | Guna: तीक्ष्ण,"विषघ्नी, गरनाशिनी, कफा-आर्शः-शोफ-पाण्डुता, वमनी, क्षय-हिक्का-कृमि-ज्वरा-पह",,,MULTI_ENTITY_OR_GROUP_HEADWORD,
BPN_0353,अथ तत्फलगुणानाह,,,,गुडूच्यादिवर्गः,Rasa: तिक्त,"कृमि-श्लेष्म-विनाशन, स्रंसन, गुल्म-शूलघ्न-अर्शोघ्न, वातजित्",,,COMMENTARY_AS_HEADWORD|MULTI_ENTITY_OR_GROUP_HEADWORD,
BPN_0373,अथ कुमुदम् । तस्य नामानि गुणाँश्चाह,"श्वेतकुवलय, कुमुद, कैरव",,,पुष्पवर्गः,"Rasa: मधुर | Guna: पिच्छिल, स्निग्ध | Virya: शीत",ह्लादि,,,COMMENTARY_AS_HEADWORD|VERSE_OR_MULTILINE_HEADWORD|HEADWORD_TOO_LONG|MULTI_ENTITY_OR_GROUP_HEADWORD,
BPN_0381,मालती स्वर्णजाती,"जाति, जाती, सुमना, राजपुत्रिका, चेतिका, हृद्यगन्धा",,,पुष्पवर्गः,"Rasa: तिक्त, तुवर | Guna: लघु | Virya: उष्ण","दोषजित्, शिरोऽ-अक्षि-मुख-दन्तार्त्ति-विष-कुष्ठा-अनिला-अस्रजित्",,,MULTI_ENTITY_OR_GROUP_HEADWORD,
BPN_0383,पीतयुथिका,हेमपुष्पिका,,,पुष्पवर्गः,,,,,NO_PROPERTIES_OR_KARMA,
BPN_0392,केतकः सुवर्णकेतकी च,"सूचिकापुष्पः, जम्बुकः, क्रकचच्छद",,,पुष्पवर्गः,"Rasa: कटु, स्वादु, तिक्त | Guna: लघु | Virya: उष्ण",कफापह,,,MULTI_ENTITY_OR_GROUP_HEADWORD,
BPN_0397,अम्लाटानः,"आम्लात, आम्लातक, कुरण्टक, वर्षपुष्प, महासह",,,पुष्पवर्गः,"Rasa: कषाय, स्वादु, तिक्त, | Guna: स्निग्ध | Virya: उष्ण",,,,NO_KARMA_FOR_RECOMMENDATION,
BPN_0407,तुलसी शुक्ला कृष्णा च,"तुलसी, सुरसा, ग्राम्या, सुलभा, बहुमञ्जरी, अपेतराक्षसी, गौरी, भूतघ्नी, देवदुन्दुभि",,,पुष्पवर्गः,"Rasa: कटु, तिक्त | Virya: उष्ण","हृद्य, दाह-पित्तकृत्, दीपनी, कुष्ठ-कृच्छ्रा-अस्र-पार्श्वरुक्-कफ-वातजित्",,,MULTI_ENTITY_OR_GROUP_HEADWORD,
BPN_0421,त्वक्पञ्चकम्,,,,वटादिवर्गः,Virya: शीत,"ग्राहि, व्रण-शोथ-विसर्पजित्",,,MULTI_ENTITY_OR_GROUP_HEADWORD,
BPN_0422,पत्रम्,,,,वटादिवर्गः,"Rasa: तिक्त, कषाय | Guna: लघु | Virya: शीत","ग्राहि, कफ-वाता-अस्रनुत्, विष्टम्भ-आध्मानजित्, लेखन",,,CONTEXT_DEPENDENT_HEADWORD,
BPN_0442,अथ तत्पुष्पफलयोर्गुणानाह,,,,वटादिवर्गः,"Rasa: स्वादु, कटु, तिक्त, कषाय | Virya: शीतल | Vipaka: कटु","वातल, कफ-पित्ता-अस्र-कृच्छ्रजित्, ग्राहि, तृड्दाह-शमक, वात-रक्त-कुष्ठ-हर",,,COMMENTARY_AS_HEADWORD|MULTI_ENTITY_OR_GROUP_HEADWORD,
BPN_0443,फलम्,,,,वटादिवर्गः,"Guna: लघु, रूक्ष | Virya: उष्ण | Vipaka: कटु","मेहा-आर्शः-कृमि-वात-कफा-पह, कुष्ठ, गुल्मोदरप्रणुत्",,,CONTEXT_DEPENDENT_HEADWORD,
BPN_0453,फलम्,,,,वटादिवर्गः,Rasa: तुवर,विशेषात्-कफ-शुक्र-हृत्,,,CONTEXT_DEPENDENT_HEADWORD,
BPN_0460,आम्रः,"आम्र, चूत, रसाल, सहकार, अतिसौरभ, कामाङ्ग, मधुदूत, माकन्द, पिकवल्लभ",,,आम्रादिफलवर्गः,,,,,NO_PROPERTIES_OR_KARMA,
BPN_0463,बालम्,,,,आम्रादिफलवर्गः,"Rasa: कषाय, अम्ल","रुच्य, मारुत-पित्तकृत्",,,CONTEXT_DEPENDENT_HEADWORD,
BPN_0472,अथ आम्रातियोगः।  तस्य दोषानाह,,,,आम्रादिफलवर्गः,,"मन्दानलत्व, विषमज्वर, रक्तामय, बद्धगुदोदर, नयनामयकर, नेत्रहित",,,COMMENTARY_AS_HEADWORD|VERSE_OR_MULTILINE_HEADWORD|HEADWORD_TOO_LONG|MULTI_ENTITY_OR_GROUP_HEADWORD,MISSING_CLASSICAL_PROPERTIES
BPN_0473,अथ आम्रातियोगदोषनिवृत्त्युपायानाह,,,,आम्रादिफलवर्गः,,अतिभक्षणे शुण्ठ्यम्भसोऽनुपान जीरकसौवर्चलाभ्याम्,,,COMMENTARY_AS_HEADWORD|HEADWORD_TOO_LONG|MULTI_ENTITY_OR_GROUP_HEADWORD,MISSING_CLASSICAL_PROPERTIES
BPN_0478,पक्वम्,,,,आम्रादिफलवर्गः,"Rasa: तुवर, स्वादु | Guna: स्निग्ध, गुरु | Virya: शीत | Vipaka: स्वादु","तर्पण, श्लेष्मल, वृष्य, विष्टम्भि, बृंहण, बल्य, मरुत्-पित्त-क्षतदाह-क्षया-अस्रजित्",,,CONTEXT_DEPENDENT_HEADWORD,
BPN_0481,तत्फलम्,,,,आम्रादिफलवर्गः,Rasa: अम्ल | Guna: गुरु | Virya: उष्ण,"ग्राहि, वातघ्न, पित्तल",,,CONTEXT_DEPENDENT_HEADWORD,
BPN_0482,पक्वम्,,,,आम्रादिफलवर्गः,Guna: लघु | Virya: उष्ण,"दीपन, रुच्य, कफ-वातनुत्",,,CONTEXT_DEPENDENT_HEADWORD,
BPN_0484,अथ पनसबीजगुणानाह,,,,आम्रादिफलवर्गः,Rasa: मधुर | Guna: गुरु,"वृष्य, बद्धविट्क, सृष्टमूत्र",,,COMMENTARY_AS_HEADWORD|MULTI_ENTITY_OR_GROUP_HEADWORD,
BPN_0485,अथ पनसमज्जगुणानाह,,,,आम्रादिफलवर्गः,,"वृष्य, वात-पित्त-कफा-पह, गुल्मि-मन्दवह्निभिः वर्ज्य",,,COMMENTARY_AS_HEADWORD|MULTI_ENTITY_OR_GROUP_HEADWORD,MISSING_CLASSICAL_PROPERTIES
BPN_0486,लकुचः,"लकुच, क्षुद्रपनस, लिकुच, डहु",,,आम्रादिफलवर्गः,,,,,NO_PROPERTIES_OR_KARMA,
BPN_0489,कदली,"कदली, वारणा, मोचा, अम्बुसारा, अंशुमतीफला",,,आम्रादिफलवर्गः,,,,,NO_PROPERTIES_OR_KARMA,
BPN_0490,,,,,आम्रादिफलवर्गः,"Rasa: स्वादु | Guna: गुरु, स्निग्ध | Virya: शीत","विष्टम्भि, कफकृत्, पित्ता-अस्र-तृड्दाह-क्षत-क्षय-समीर-जित्",,,MISSING_HEADWORD,
BPN_0491,पक्वम्,,,,आम्रादिफलवर्गः,Rasa: स्वादु | Virya: शीत | Vipaka: स्वादु,"वृष्य, बृंहण, क्षुत्तृष्णा-नेत्रगद-हृन्मेहघ्न, रुचि-मांसकृत्",,,CONTEXT_DEPENDENT_HEADWORD,
BPN_0494,अथ कोमलजीर्णतत्फलयोर्गुणानाह,,,,आम्रादिफलवर्गः,Guna: गुरु,"पित्त-ज्वर-पित्तदोषापह, पित्तकारि, विदाहि, विष्टम्भि",,,COMMENTARY_AS_HEADWORD|HEADWORD_TOO_LONG|MULTI_ENTITY_OR_GROUP_HEADWORD,
BPN_0495,अथ नारिकेलजलगुणानाह,,,,आम्रादिफलवर्गः,Rasa: स्वादु | Guna: लघु | Virya: शीतल,"हृद्य, दीपन, शुक्रल, पिपासा-पित्तजित्, वस्तिशुद्धिकर",,,COMMENTARY_AS_HEADWORD|MULTI_ENTITY_OR_GROUP_HEADWORD,
BPN_0496,अथ नारिकेलादीनां शिरोगुणानाह,,,,आम्रादिफलवर्गः,"Rasa: कषाय, मधुर | Guna: गुरु, स्निग्ध",बृंहण,,,COMMENTARY_AS_HEADWORD|HEADWORD_TOO_LONG|MULTI_ENTITY_OR_GROUP_HEADWORD,
BPN_0497,कालिन्दम्,"कालिन्द, कृष्णबीज, कालिङ्ग, सुवर्त्तुल",,,आम्रादिफलवर्गः,,,,,NO_PROPERTIES_OR_KARMA,
BPN_0498,,,,,आम्रादिफलवर्गः,Guna: गुरु | Virya: शीतल,"ग्राहि, दृक्-पित्त-शुक्रहृत्",,,MISSING_HEADWORD,
BPN_0499,पक्वम्,,,,आम्रादिफलवर्गः,Virya: उष्ण,"सक्षार, पित्तल, कफ-वातजित्",,,CONTEXT_DEPENDENT_HEADWORD,
BPN_0501,त्रपुसम्,"त्रपुस, कण्टकिफल, सुधावास, सुशीतल",,,आम्रादिफलवर्गः,,,,,NO_PROPERTIES_OR_KARMA,
BPN_0502,,,,,आम्रादिफलवर्गः,Rasa: स्वादु | Guna: लघु | Virya: शीत,"नील, नव, तृट्क्लम-दाहजित्, पित्तापह, रक्त-पित्तहर",,,MISSING_HEADWORD,
BPN_0503,बीजम्,,,,आम्रादिफलवर्गः,Guna: रूक्ष | Virya: शीत,"मूत्रल, पित्ता-अस्र-कृच्छ्र-जित्",,,CONTEXT_DEPENDENT_HEADWORD,
BPN_0504,पक्वम्,,,,आम्रादिफलवर्गः,Rasa: अम्ल | Virya: उष्ण,"पित्तल, कफ-वातनुत्",,,CONTEXT_DEPENDENT_HEADWORD,
BPN_0506,अथ आद्रस्विन्नतत्फलगुणानाह,,,,आम्रादिफलवर्गः,Guna: गुरु,"अभिष्यन्दि, वह्नि-दृष्टिहर, स्विन्न, दोषत्रयच्छेदि, दृढमध्य, उत्तम",,,COMMENTARY_AS_HEADWORD|HEADWORD_TOO_LONG|MULTI_ENTITY_OR_GROUP_HEADWORD,
BPN_0507,तालः,"ताल, लेख्यपत्र, तृणराज, महोन्नत",,,आम्रादिफलवर्गः,,,,,NO_PROPERTIES_OR_KARMA,
BPN_0508,,,,,आम्रादिफलवर्गः,,"पित्त-रक्त-श्लेष्म-विवर्द्धन, दुर्जर, बहुमूत्र, तन्द्राऽ-अभिष्यन्द-शुक्रद",,,MISSING_HEADWORD,MISSING_CLASSICAL_PROPERTIES
BPN_0510,अथ तालरसः।  नवीनस्य प्राचीनस्य च नामानि गुणाँश्चाह,,,,आम्रादिफलवर्गः,,"मदकृत्, पित्तकृत्, वातदोषहृत्",,,COMMENTARY_AS_HEADWORD|VERSE_OR_MULTILINE_HEADWORD|HEADWORD_TOO_LONG|MULTI_ENTITY_OR_GROUP_HEADWORD,MISSING_CLASSICAL_PROPERTIES
BPN_0513,अथ पक्वतत्फलगुणानाह,,,,आम्रादिफलवर्गः,Rasa: मधुर | Guna: गुरु,"त्रिदोष, दुर्जर, पूतिमारुत, विदाहि, विष्टम्भकर, वह्निमान्द्यकृत्",,,COMMENTARY_AS_HEADWORD|MULTI_ENTITY_OR_GROUP_HEADWORD,
BPN_0515,पक्वम्,,,,आम्रादिफलवर्गः,"Rasa: अम्ल, तुवर | Guna: गुरु","तृषा-हिक्का-शमन, वात-पित्तजित्, कण्ठशोधन, त्राहिदुर्जर",,,CONTEXT_DEPENDENT_HEADWORD,
BPN_0516,नारङ्गः,"नारङ्ग, नागरङ्ग, त्वक्सुगन्ध, मुखप्रिय",,,आम्रादिफलवर्गः,,,,,NO_PROPERTIES_OR_KARMA,
BPN_0517,,,,,आम्रादिफलवर्गः,"Rasa: मधुर, अम्ल","रोचन, वातनाशन",,,MISSING_HEADWORD,
BPN_0519,तिन्दुकः,"तिन्दुक, स्फूर्जक, कालस्कन्ध, असितकारक",,,आम्रादिफलवर्गः,,,,,NO_PROPERTIES_OR_KARMA,
BPN_0520,,,,,आम्रादिफलवर्गः,Guna: लघु | Virya: शीतल,"ग्राहि, वातल",,,MISSING_HEADWORD,
BPN_0521,पक्वम्,,,,आम्रादिफलवर्गः,Rasa: मधुर | Guna: गुरु,पित्त-प्रमेहा-अस्र-श्लेष्मघ्न,,,CONTEXT_DEPENDENT_HEADWORD,
BPN_0525,बदरी,"कर्कन्धू, बदरी, अजप्रिया कुहा, कोली, विषमा, उभयकण्टका",,,आम्रादिफलवर्गः,,,,,NO_PROPERTIES_OR_KARMA,
BPN_0526,,,,,आम्रादिफलवर्गः,Rasa: मधुर | Guna: लघु,"सम्पक्व, बृंहण, पित्त-दाहा-अस्र-क्षय-तृष्णा-निवारण",,,MISSING_HEADWORD,
BPN_0527,,,,,आम्रादिफलवर्गः,Rasa: मधुर | Guna: गुरु | Virya: शीत,"पच्यमान, भेदन, शुक्रल",,,MISSING_HEADWORD,
BPN_0528,,,,,आम्रादिफलवर्गः,"Rasa: अम्ल, कषाय, मधुर",,,,MISSING_HEADWORD|NO_KARMA_FOR_RECOMMENDATION,
BPN_0529,,,,,आम्रादिफलवर्गः,Guna: गुरु | Virya: उष्ण,"ग्राहि, रुच्य, वातहृत्, कफ-पित्तकर, सारक",,,MISSING_HEADWORD,
BPN_0530,,,,,आम्रादिफलवर्गः,Rasa: तिक्त | Guna: लघु,"वात-पित्ता-पह, शुष्क, भेदी-अग्निकृत्, तृष्णाक्लमास्रजित्",,,MISSING_HEADWORD,
BPN_0533,"करमर्दः, करमर्दिका च","करमर्द, सुषेण, कृष्णपाकफल, करमर्दिका",,,आम्रादिफलवर्गः,,,,,MULTI_ENTITY_OR_GROUP_HEADWORD|NO_PROPERTIES_OR_KARMA,
BPN_0534,,,,,आम्रादिफलवर्गः,Rasa: अम्ल | Guna: गुरु | Virya: उष्ण,"तृषाहर, रुचिकर, रक्त-पित्त-कफ-प्रद",,,MISSING_HEADWORD,
BPN_0535,पक्वम्,,,,आम्रादिफलवर्गः,Rasa: मधुर | Guna: लघु,"रुच्य, पित्त-समीर-जित्",,,CONTEXT_DEPENDENT_HEADWORD,
BPN_0536,प्रियालः,"प्रियाल, खरस्कन्ध, चार, बहुलवल्कल, राजादन, तापसेष्ट, सन्नकद्रु, धनुष्पट",,,आम्रादिफलवर्गः,,,,,NO_PROPERTIES_OR_KARMA,
BPN_0537,,,,,आम्रादिफलवर्गः,,पित्त-कफा-अस्रघ्न,,,MISSING_HEADWORD,MISSING_CLASSICAL_PROPERTIES
BPN_0538,तत्फलम्,,,,आम्रादिफलवर्गः,"Rasa: मधुर | Guna: गुरु, स्निग्ध","सर, मरुत्-पित्त-दाह-ज्वर-तृषा-ऽपह",,,CONTEXT_DEPENDENT_HEADWORD,
BPN_0539,अथ तन्मज्जगुणानाह,,,,आम्रादिफलवर्गः,Rasa: मधुर | Guna: स्निग्ध,"वृष्य, पित्ता-अनिलापह, हृद्य, अतिदुर्जर, विष्टम्भी, आमवर्द्धन",,,COMMENTARY_AS_HEADWORD|MULTI_ENTITY_OR_GROUP_HEADWORD,
BPN_0545,कैरविणीफलम्,"कुमुद्वतीबीज, कैरविणीफल, कुमुदबीज",,,आम्रादिफलवर्गः,"Guna: स्वादु, रूक्ष, गुरु | Virya: शीत",,,,NO_KARMA_FOR_RECOMMENDATION,
BPN_0547,फलम्,,,,आम्रादिफलवर्गः,"Rasa: स्वादु | Guna: गुरु, | Virya: शीत","वात-पित्तनुत्, अहृद्य, तृष्णाऽ-अस्र-दाह-श्वास-क्षत-क्षया-पह, शुक्रल",,,CONTEXT_DEPENDENT_HEADWORD,
BPN_0549,पक्वम्,,,,आम्रादिफलवर्गः,Virya: शीत | Vipaka: मधुर,"विष्टम्भि, बृंहण, हृद्य, पित्त-दाहा-अस्र-ज्वर-क्षय-समीरहृत्",,,CONTEXT_DEPENDENT_HEADWORD,
BPN_0551,अपक्वम्,,,,आम्रादिफलवर्गः,Rasa: अम्ल | Guna: गुरु | Virya: उष्ण,"सर, रक्त-पित्तकृत्",,,CONTEXT_DEPENDENT_HEADWORD,
BPN_0552,दाडिमः,"दाडिम, करक, दन्तबीज, लोहितपुष्पक",,,आम्रादिफलवर्गः,,,,,NO_PROPERTIES_OR_KARMA,
BPN_0553,स्वादु,,,,आम्रादिफलवर्गः,"Rasa: कषाय | Guna: स्निग्ध, लघु","त्रिदोषघ्न, तृड्दाह-ज्वर-नाशन, हृत्-कण्ठ-मुख-गन्धघ्न, तर्पण, शुक्रल, ग्राहि, मेधा-बलावह",,,CONTEXT_DEPENDENT_HEADWORD,
BPN_0557,पक्वम्,,,,आम्रादिफलवर्गः,"Rasa: मधुर | Guna: स्निग्ध, गुरु | Virya: शीतल",श्लेष्मल,,,CONTEXT_DEPENDENT_HEADWORD,
BPN_0559,द्राक्षा,"द्राक्षा, स्वादुफला, मधुरसा, मृद्वीका, हारहूरा, गोस्तनी",,,आम्रादिफलवर्गः,,,,,NO_PROPERTIES_OR_KARMA,
BPN_0560,द्राक्षा पक्वा,,,,आम्रादिफलवर्गः,Rasa: तुवर | Guna: गुरु | Virya: शीत | Vipaka: स्वादु,"सर,चक्षुष्या, बृंहणी, स्वर्या, तुवरा, सृष्ट-मूत्रविट्, कोष्ठ-मारुत-कृत्, वृष्या, कफ-पुष्टि-रुचि-प्रदा, तृष्णा-ज्वर-श्वास-वात-वाता-अस्रकामलापह, कृच्छ्रा-अस्र-पित्त-संमोह-दाह-शोष-मदात्ययघ्न",,,MULTI_ENTITY_OR_GROUP_HEADWORD,
BPN_0561,,,,,आम्रादिफलवर्गः,Rasa: अम्ल | Guna: गुरु,"स्वल्पगुण, रक्त-पित्त-कृत्, वृष्या, गोस्तनी, गुरु, कफ-पित्तनुत्",,,MISSING_HEADWORD,
BPN_0563,अथ खर्जूरीतरुतोयगुणानाह,,,,आम्रादिफलवर्गः,,"मद-पित्तकर, वात-श्लेष्महर, रुच्य, दीपन, बल-शुक्र-कृत्",,,COMMENTARY_AS_HEADWORD|MULTI_ENTITY_OR_GROUP_HEADWORD,MISSING_CLASSICAL_PROPERTIES
BPN_0578,आम्लिका,"आम्लिका, चुक्रिका, अम्ली, चुक्रा, दन्तशठा, अम्ला, चिञ्चिका, चिञ्चा, तिन्तिडीका, तिन्तिडी",,,आम्रादिफलवर्गः,,,,,NO_PROPERTIES_OR_KARMA,
BPN_0579,,,,,आम्रादिफलवर्गः,Rasa: अम्ल | Guna: गुरु,"वातहरी, पित्त-कफा-अस्रकृत्",,,MISSING_HEADWORD,
BPN_0580,पक्वा,,,,आम्रादिफलवर्गः,Guna: रूक्ष | Virya: उष्ण,"दीपनी, सर, कफ-वातनुत्",,,CONTEXT_DEPENDENT_HEADWORD,
BPN_0582,वृक्षाम्लकम्,"वृक्षाम्ल, तिन्तिडीक, चुक्र, अम्लवृक्षक",,,आम्रादिफलवर्गः,,,,,NO_PROPERTIES_OR_KARMA,
BPN_0583,,,,,आम्रादिफलवर्गः,Rasa: अम्ल | Virya: उष्ण,"वातघ्न, कफ-पित्तल",,,MISSING_HEADWORD,
BPN_0584,पक्वम्,,,,आम्रादिफलवर्गः,"Rasa: कटु, तुवर, अम्ल | Guna: गुरु, लघु, रूक्ष | Virya: उष्ण","संग्राहि, रोचन, दीपन, कफवातकृत्, तृष्णा-अर्शोग्रहणी-गुल्म-शूल-हृद्रोग-जन्तुजित्",,,CONTEXT_DEPENDENT_HEADWORD,
BPN_0585,चतुरम्लम्,"अम्लवेतस, व्रुक्षाम्ल बृहज्जम्बीर निम्बुक",,,आम्रादिफलवर्गः,,,,,NO_PROPERTIES_OR_KARMA,
BPN_0586,पञ्चाम्लम्,"अम्लवेतस, व्रुक्षाम्ल बृहज्जम्बीर निम्बुक, बीजपूर",,,आम्रादिफलवर्गः,,,,,NO_PROPERTIES_OR_KARMA,
BPN_0588,सुवर्ण,"स्वर्ण, सुवर्ण, कनक, हिरण्य, हेम, हाटक, तपनीय, गाङ्गेय, कलधौत, काजन चामीकर, शातकुम्भ, कार्त्तस्वर, जाम्बूनद, जातरूप तथा महारजत",,,आम्रादिफलवर्गः,,,,,NO_PROPERTIES_OR_KARMA,
BPN_0589,अथ उत्तमसुवर्णलक्षणमाह,,,,आम्रादिफलवर्गः,"Guna: गुरु, स्निग्ध, कोमल","दाहरक्त, छेदसित, निकषकुङ्कुमप्रभ, तारशुल्बोज्झित",,,COMMENTARY_AS_HEADWORD|MULTI_ENTITY_OR_GROUP_HEADWORD,
BPN_0590,अथ निकृष्टसुवर्णलक्षणमाह,,,,आम्रादिफलवर्गः,"Guna: रूक्ष, लघु","श्वेत, कठिन, विवर्ण, समल, दल, दाहछेदासितश्वेत, कषत्याज्य, स्फुट",,,COMMENTARY_AS_HEADWORD|MULTI_ENTITY_OR_GROUP_HEADWORD,
BPN_0591,अथ सम्यक् मारितसुवर्णगुणानाह,,,,आम्रादिफलवर्गः,"Rasa: तिक्त, तुवर, स्वादु, पिच्छिल | Guna: गुरु | Virya: शीतल | Vipaka: स्वादु","वृष्य, बल्य, रसायन, पवित्र, बृंहण, नेत्र्य, मेधा-स्मृति-मतिप्रद, हृद्य, आयुष्कर, कान्ति-वाग्विशुद्धि-स्थिरत्वकृत्, विषद्वय-क्षय-उन्माद-त्रिदोष-ज्वर-शोषजित्",,,COMMENTARY_AS_HEADWORD|HEADWORD_TOO_LONG|MULTI_ENTITY_OR_GROUP_HEADWORD,
BPN_0592,अथ असम्यक् मारितसुवर्णदोषानाह,,,,आम्रादिफलवर्गः,,"बलस-वीर्यहर, नररोग-व्रजपोषक, असौख्यकृत्, सदा सुवर्णमशुद्धमेतन्मरणप्रद, असम्यङ्मारितं बल-वीर्य्य-नाशक,  रोग-मृत्यु-प्रदायक",,,COMMENTARY_AS_HEADWORD|HEADWORD_TOO_LONG|MULTI_ENTITY_OR_GROUP_HEADWORD,MISSING_CLASSICAL_PROPERTIES
BPN_0594,अथ उत्तमाधमयोः रूप्ययोर्लक्षणान्याह,,,,आम्रादिफलवर्गः,"Guna: गुरु, स्निग्ध, रूक्ष, लघु, मृदु","मृदु, श्वेत, दाहछेदघनक्षम, वर्णाढ्य, चन्द्रवत्स्वच्छ, रूप्य, नवगुण, शुभ, कठिन, कृत्रिम, रक्त, पीतदल, दाहच्छेदघननष्टरूप्य",,,COMMENTARY_AS_HEADWORD|HEADWORD_TOO_LONG|MULTI_ENTITY_OR_GROUP_HEADWORD,
BPN_0597,अथ ताम्रम्।  तस्योत्पत्तिमाह,,,,आम्रादिफलवर्गः,Guna: स्निग्ध,"जपाकुसुमसङ्काश, मृदु, घनक्षम, लौहनागोज्झित, मारणप्रशस्य",,,COMMENTARY_AS_HEADWORD|VERSE_OR_MULTILINE_HEADWORD|HEADWORD_TOO_LONG|MULTI_ENTITY_OR_GROUP_HEADWORD,
BPN_0598,ताम्र,"ताम्र, आंदुम्बर, शुल्ब, उदुम्बर, रविप्रिय, म्लेच्छमुख, सूर्यपर्यायनामक",,,आम्रादिफलवर्गः,,,,,NO_PROPERTIES_OR_KARMA,
BPN_0603,रङ्गम्,"रङ्ग, वङ्ग, त्रपु, पिच्चट",,,आम्रादिफलवर्गः,,,,,NO_PROPERTIES_OR_KARMA,
BPN_0604,सम्यक् मारितरङ्ग,,,,आम्रादिफलवर्गः,"Guna: लघु, रूक्ष | Virya: उष्ण","मेह-कफ-क्रिमी-पाण्डु-सश्वास-हर, चक्षुष्य, पित्तल, अखिलमेहवर्गहर, देहसौख्य-प्रबलेन्द्रियत्व-नरपुष्टिविदधाति, सर",,,MULTI_ENTITY_OR_GROUP_HEADWORD,
BPN_0605,अथ यशदम्।  तस्य नामगुणानाह,"रङ्गसदृश, रीतिहेतु",,,आम्रादिफलवर्गः,"Rasa: तुवर, तिक्त | Virya: शीतल","कफ-पित्तहृत्, चक्षुष्य, मेह-पाण्डु-श्वास-नाशन",,,COMMENTARY_AS_HEADWORD|VERSE_OR_MULTILINE_HEADWORD|HEADWORD_TOO_LONG|MULTI_ENTITY_OR_GROUP_HEADWORD,
BPN_0607,अथ सीसस्य गुणानाह,,,,आम्रादिफलवर्गः,,"रङ्गगुण, विशेषात् -मेहनाशन, नागशततुल्यबल, व्याधिविनाश, जीवनविस्तारक, वह्निप्रदीपन, कामबलकर, मृत्युनाशक सन्ततसेवि",,,COMMENTARY_AS_HEADWORD|MULTI_ENTITY_OR_GROUP_HEADWORD,MISSING_CLASSICAL_PROPERTIES
BPN_0609,लोहं,"शस्रक, तीक्ष्ण, पिण्ड, कालायस, अयस्",,,आम्रादिफलवर्गः,,,,,NO_PROPERTIES_OR_KARMA,
BPN_0610,अथ लोहस्य सप्तदोषानाह,,,,आम्रादिफलवर्गः,,"गुरुता, दृढता-उत्क्लेद, कश्मल, दाहकारिता, अश्मदोष, सुदुर्गन्ध",,,COMMENTARY_AS_HEADWORD|MULTI_ENTITY_OR_GROUP_HEADWORD,MISSING_CLASSICAL_PROPERTIES
BPN_0611,अथ लोहगुणानाह,,,,आम्रादिफलवर्गः,"Rasa: तिक्त, मधुर, तुवर, | Guna: गुरु, रूक्ष | Virya: शीत","सर, वयस्य, चक्षुष्य, लेखन, वातल, कफ-पित्त-गर-शूल-शोथा-आर्शः-प्लीह-पाण्डुता-मेदो-मेह-क्रिमीहर, कुष्ठ-तकिट्टहर",,,COMMENTARY_AS_HEADWORD|MULTI_ENTITY_OR_GROUP_HEADWORD,
BPN_0612,अथाशुद्धलोहदोषानाह,,,,आम्रादिफलवर्गः,,"षण्ढत्व-कुष्ठा-आमय-मृत्युद, हृद्रोग-शूली, अश्मरी, मानारुजप्रकोपक, हल्लास-मशुद्धलोह, जीवहारि, मदकार, आयस, चेदशुद्धिमद, पाटवकर, शरीर-हृदिरुजप्रदायक",,,COMMENTARY_AS_HEADWORD,MISSING_CLASSICAL_PROPERTIES
BPN_0615,किट्टी,"लोहासिहानिका , सिहान, मण्डूर",,,आम्रादिफलवर्गः,,,,,NO_PROPERTIES_OR_KARMA,
BPN_0617,अथ अशुद्धसुवर्णमाक्षिकदोषानाह,,,,आम्रादिफलवर्गः,,"मन्दानलत्व, बलहानि, मुग्राविष्टम्भिता, नेत्रगदस-कुष्ठ-माला-व्रणपूर्विकाकर",,,COMMENTARY_AS_HEADWORD|HEADWORD_TOO_LONG|MULTI_ENTITY_OR_GROUP_HEADWORD,MISSING_CLASSICAL_PROPERTIES
BPN_0619,अथ अशुद्धतारमाक्षिकदोषानाह,,,,आम्रादिफलवर्गः,,"मन्दानलत्व, बलहानि, उग्रविष्टम्भिता, नेत्रगदस-कुष्ठ-माला-व्रणपूर्विकाकर",,,COMMENTARY_AS_HEADWORD|HEADWORD_TOO_LONG|MULTI_ENTITY_OR_GROUP_HEADWORD,MISSING_CLASSICAL_PROPERTIES
BPN_0626,सौवर्ण,,,,आम्रादिफलवर्गः,"Rasa: मधुर, कटु, तिक्त | Virya: शीतलं | Vipaka: कटु",,,,NO_KARMA_FOR_RECOMMENDATION,
BPN_0627,राजतं,,,,आम्रादिफलवर्गः,Rasa: कटु | Virya: शीत | Vipaka: मधुर,,,,NO_KARMA_FOR_RECOMMENDATION,
BPN_0633,अथ पारदस्य अवस्थाभेदेन नामानि सर्वश्रेष्ठतां चाह,,,,आम्रादिफलवर्गः,,"रुग्विनाशक, खेगतिक, अजरीकर, नरकुञ्जरवाजिरोगहर",,,COMMENTARY_AS_HEADWORD|HEADWORD_TOO_LONG|MULTI_ENTITY_OR_GROUP_HEADWORD,MISSING_CLASSICAL_PROPERTIES
BPN_0634,अथ फलनिर्देशपूर्वकं पारदस्थितिदोषानाह,,,,आम्रादिफलवर्गः,,देहनाशकर,,,COMMENTARY_AS_HEADWORD|HEADWORD_TOO_LONG|MULTI_ENTITY_OR_GROUP_HEADWORD,MISSING_CLASSICAL_PROPERTIES
BPN_0636,हिङ्गुलम्,"इङ्गुल, दरद, म्लेच्छ, चूर्णपारद",,,आम्रादिफलवर्गः,,,,,NO_PROPERTIES_OR_KARMA,
BPN_0637,गन्धकः,"गन्धिक, गन्धपाषाण, सौगन्धिक बली बलरस.",,,आम्रादिफलवर्गः,,,,,NO_PROPERTIES_OR_KARMA,
BPN_0638,अथ गन्धकगुणानाह,,,,आम्रादिफलवर्गः,"Rasa: कटु, तिक्त, तुवर | Virya: उष्ण | Vipaka: कटु","सर, पित्तल, जन्तु-कण्डू-विसर्प-जित्, कुष्ठ-क्षय-प्लीह-कफ-वात-रसायन-हर",,,COMMENTARY_AS_HEADWORD|MULTI_ENTITY_OR_GROUP_HEADWORD,
BPN_0639,अथ अशुद्धगन्धकदोषानाह,,,,आम्रादिफलवर्गः,,"शरीरे ताप-विषमकुष्ठकर, सौख्य-रूप-बल-ओजः-अस्रनिहन",,,COMMENTARY_AS_HEADWORD|MULTI_ENTITY_OR_GROUP_HEADWORD,MISSING_CLASSICAL_PROPERTIES
BPN_0641,अथ मृताभ्रकगुणानाह,,,,आम्रादिफलवर्गः,"Rasa: कषाय, मधुर | Guna: शीत",आयुष्करं धातुविवर्द्धनं च हन्यात्रिदोषं व्रण-मेह-कुष्ठ-प्लीहो-उदर-ग्रन्थि-विषक्रिमींश्च रोगान्हन्ति द्रढयति वपुर्वीर्यवृद्धि विधत्ते तारुण्याढ्यं  रमयति शतं योषितां नित्यमेव । दीर्घायुष्काञ्जनयति सुतान्विक्रमैः सिंहतुल्यान् मृत्योर्भीति हरति सततं सेव्यमानं मृताभ्रम् ।,,,COMMENTARY_AS_HEADWORD|MULTI_ENTITY_OR_GROUP_HEADWORD,
BPN_0642,अथ अशुद्धाभ्रकदोषानाह,,,,आम्रादिफलवर्गः,,"देहचारुता, बहुतापञ्चाङ्गसङ्कोचपीडाकर, कफवातकुष्ठरोगकर  पीडां विधत्ते विविधां नराणां कुष्ठं क्षयं पाण्डुगदं च शोथम् । हृत्पार्श्वपीडां च करोत्यशुद्धमभ्रं त्वसिद्धं गुरु तापदं स्यात्",,,COMMENTARY_AS_HEADWORD|MULTI_ENTITY_OR_GROUP_HEADWORD,MISSING_CLASSICAL_PROPERTIES
BPN_0644,अथ अशुद्धस्य असम्यक् मारितस्य च हरितालस्य दोषानाह,,,,आम्रादिफलवर्गः,,हरति च हरितालं चारुतां देहजातां सृजति च बहुतापञ्चाङ्गसङ्कोचपीडाम् । वितरति कफ-वातौ कुष्ठरोगं विदध्या दिदमाशितमशुद्धं मारितं चाप्यसम्यक ।,,,COMMENTARY_AS_HEADWORD|HEADWORD_TOO_LONG|MULTI_ENTITY_OR_GROUP_HEADWORD,MISSING_CLASSICAL_PROPERTIES
BPN_0646,अथ अशुद्धायाः तस्यादोषानाह,,,,आम्रादिफलवर्गः,,"मन्दबल, मलानुबन्ध, मूत्ररोध, सशर्कर, कृच्छ्रगद",,,COMMENTARY_AS_HEADWORD|HEADWORD_TOO_LONG|MULTI_ENTITY_OR_GROUP_HEADWORD,MISSING_CLASSICAL_PROPERTIES
BPN_0647,स्रोतो अञ्जनं सौवीरं,"यामुन, कापोताञ्जन",,,आम्रादिफलवर्गः,"Rasa: कषाय, स्वादु | Guna: स्निग्ध","चक्षुष्य, कफपित्तनुत्, लेखन, ग्राहि, च्छर्दि-विषापह, सिध्म-क्षया-अस्र-हृच्छीतसेवनं सदा बुधैः",,,MULTI_ENTITY_OR_GROUP_HEADWORD,
BPN_0652,गैरिकं सुवर्णगौरिकं,"गौरिक, रक्तधातु, गौरेय, गिरिज",,,आम्रादिफलवर्गः,"Rasa: मधुर, तुवर | Guna: स्निग्ध | Virya: हिम","चक्षुष्य, दाह-पित्ता-अस्र-कफ-हिक्का-विषापह",,,MULTI_ENTITY_OR_GROUP_HEADWORD,
BPN_0653,खटिका गौरखटिका,कठिनी लेखनी,,,आम्रादिफलवर्गः,Rasa: मधुरा | Guna: शीता,"दाहा-अस्रजित्-शीता, विष-शोथ-जित्, लेपादेतद्गुणाप्रोक्ता, भक्षिता-मृत्तिकासमा, गुणैस्तुल्ये",,,MULTI_ENTITY_OR_GROUP_HEADWORD,
BPN_0657,सौराष्ट्री मृत्तिका,"सौराष्ट्री, तुवरी, काली, मृत्तालक, सुराष्ट्रज, आढकी, मृत्स्ना तथा सुरमृत्तिका",,,आम्रादिफलवर्गः,,स्फटिकागुणाः सर्वे सौराष्ट्रयाः,,,MULTI_ENTITY_OR_GROUP_HEADWORD,MISSING_CLASSICAL_PROPERTIES
BPN_0664,अथ उत्तमः धमकङ्कुष्ठयोः लक्षणमाह,,,,आम्रादिफलवर्गः,"Guna: गुरु, स्निग्ध, लघु","श्रेष्ठ, श्याम, पीत, त्यक्तसत्त्व",,,COMMENTARY_AS_HEADWORD|HEADWORD_TOO_LONG|MULTI_ENTITY_OR_GROUP_HEADWORD,
BPN_0665,अथ कङ्कुष्ठस्य नामगुणानाह,"कङ्गुष्ठ, काककुष्ठ, विरङ्ग तथा कोलकाकुल",,,आम्रादिफलवर्गः,"Rasa: तिक्त, कटु | Virya: उष्ण","रेचन, वर्णकारक, कृमि-शोथोदरा-अध्मान-गुल्मा-आनाह-कफापह",,,COMMENTARY_AS_HEADWORD|HEADWORD_TOO_LONG|MULTI_ENTITY_OR_GROUP_HEADWORD,
BPN_0667,हीरकः,हीरक वज्र चन्द्र मणिवर,,,आम्रादिफलवर्गः,,,,,NO_PROPERTIES_OR_KARMA,
BPN_0668,अथ तद्भेदानां गुणानाह,,,,आम्रादिफलवर्गः,,"सर्वसिद्धिप्रदायक, व्याधिविध्वंसी, जरा-मृत्युहर, धनप्रद, देहस्यदार्व्यकृत्, व्याधीनाशक, वयःस्तम्भक",,,COMMENTARY_AS_HEADWORD|MULTI_ENTITY_OR_GROUP_HEADWORD,MISSING_CLASSICAL_PROPERTIES
BPN_0669,अथ पुंस्रीनपुंसकभेदात् त्रिविधस्य तस्य लक्षणानिगुणानुपयोग्विषयान् चाह,,,,आम्रादिफलवर्गः,,पुरुषाः - रेखाबिन्दुविवर्जिताः | स्रियः - रेखाबिन्दुसमायुक्ताः षडस्रास्ते,,,COMMENTARY_AS_HEADWORD|HEADWORD_TOO_LONG|MULTI_ENTITY_OR_GROUP_HEADWORD,MISSING_CLASSICAL_PROPERTIES
BPN_0670,अथ अशुद्धहीरकदोषानाह,,,,आम्रादिफलवर्गः,,कुष्ठ-पार्श्वव्यथा-पाण्डु-तापङ्गुलत्वकर,,,COMMENTARY_AS_HEADWORD|MULTI_ENTITY_OR_GROUP_HEADWORD,MISSING_CLASSICAL_PROPERTIES
BPN_0672,गारुत्मतम्,"मरकत अश्मगर्भा, हरिन्मणि",,,आम्रादिफलवर्गः,,,,,NO_PROPERTIES_OR_KARMA,
BPN_0673,माणिक्यम्,"पद्मराग शोणरत्न, लोहित",,,आम्रादिफलवर्गः,,,,,NO_PROPERTIES_OR_KARMA,
BPN_0674,पुष्परागः,"मन्जुमणि, वचस्पतिवल्लभ",,,आम्रादिफलवर्गः,,,,,NO_PROPERTIES_OR_KARMA,
BPN_0675,इन्द्रनीलं गोमेद,"नील, इन्द्रनील, - गोमेद, पीतरत्नक",,,आम्रादिफलवर्गः,,,,,MULTI_ENTITY_OR_GROUP_HEADWORD|NO_PROPERTIES_OR_KARMA,
BPN_0676,वैदूर्यम्,"वैदूर्य दूरज, रत्न, केतुग्रहवल्लभ",,,आम्रादिफलवर्गः,,,,,NO_PROPERTIES_OR_KARMA,
BPN_0681,विषम्,"विष, गरल, क्ष्वेड",,,आम्रादिफलवर्गः,,,,,NO_PROPERTIES_OR_KARMA,
BPN_0692,अथ विषस्य दुर्गुणानाह,,,,आम्रादिफलवर्गः,,"प्राणहर, व्यवायि, विकाशि, आग्नेय, वात-कफ-हृद्-योगवाहि, मदावह",,,COMMENTARY_AS_HEADWORD|MULTI_ENTITY_OR_GROUP_HEADWORD,MISSING_CLASSICAL_PROPERTIES
BPN_0693,अथ शोधितविषस्य गुणानाह,,,,आम्रादिफलवर्गः,,"प्राणदायि, रसायन, योगवाहि, त्रिदोषघ्न, बृंहण, वीर्यवर्द्धन",,,COMMENTARY_AS_HEADWORD|MULTI_ENTITY_OR_GROUP_HEADWORD,MISSING_CLASSICAL_PROPERTIES
BPN_0696,अथ शालीनां गुणानाह,,,,धान्यवर्गः,"Rasa: मधुर, कषाय | Guna: लघु, स्निग्ध | Virya: शीत","बल्या, बद्धाल्पवर्चस, रुच्य, स्वर्य, वृष्य, बृंहण, अल्पा-अनिल-कफा, पित्तघ्न, मूत्रल",,,COMMENTARY_AS_HEADWORD|MULTI_ENTITY_OR_GROUP_HEADWORD,
BPN_0704,पुराण,,,,धान्यवर्गः,Guna: लघु,,,,NO_KARMA_FOR_RECOMMENDATION,
BPN_0709,षष्टिकाः,"षष्टिक, शतपुष्प, प्रमोदक, मुकुन्दक, महाषष्टिक",,,धान्यवर्गः,,,,,NO_PROPERTIES_OR_KARMA,
BPN_0713,अथ तेषां गुणानाह,,,,धान्यवर्गः,"Rasa: कषाय, मधुर | Guna: रूक्ष, गुरु, मृदु | Virya: शीत | Vipaka: कटु","लेखन, तिलवत्पथ्य, मेधाऽ-अग्निवर्धक, अनभिष्यन्दी, स्वर्य, बलकर, बहुवातमल, वर्णस्थैर्यकारी, पिच्छिल, कण्ठ-त्वगा-आमय-श्लेष्म-पित्त-मेद-प्रणाशन, पीनस-श्वास-कासो-उरुस्तम्भ-लोहित-तृट्प्रणुत्",,,COMMENTARY_AS_HEADWORD|MULTI_ENTITY_OR_GROUP_HEADWORD,
BPN_0715,अथ गोधूमगुणानाह,,,,धान्यवर्गः,"Rasa: मधुर | Guna: गुरु, स्निग्ध, | Virya: शीत","वात-पित्तहर, कफ-शुक्रप्रद, बल्य, सन्धानकृत्, सर, जीवन, बृंहण, वर्ण्य, व्रण्य, रुच्य, स्थिरत्वकृत्",,,COMMENTARY_AS_HEADWORD|MULTI_ENTITY_OR_GROUP_HEADWORD,
BPN_0717,शिम्बीधान्यम्,"यमीज, शिम्बिज, शिम्बीभव, सूप्य, वैदल",,,धान्यवर्गः,,,,,NO_PROPERTIES_OR_KARMA,
BPN_0718,अथ शिम्बीधान्यस्य गुणानाह,,,,धान्यवर्गः,"Rasa: मधुर, कषाय | Guna: रूक्ष | Virya: शीत | Vipaka: कटु","वातल, कफ-पित्तघ्न, बद्धमूत्रमला, आध्मानकारिण",,,COMMENTARY_AS_HEADWORD|HEADWORD_TOO_LONG|MULTI_ENTITY_OR_GROUP_HEADWORD,
BPN_0732,कलायः,"कलाय, वर्त्तुल, सतीन, हरेणुक",,,धान्यवर्गः,Rasa: मधुर | Guna: रूक्ष | Virya: शीतल | Vipaka: स्वादु,,,,NO_KARMA_FOR_RECOMMENDATION,
BPN_0741,"सर्षपः, रक्तः, पीतः","क्षव, क्षुताभिजनक, कृष्णिका, कृष्णसर्षप, सिद्धार्थ",,,धान्यवर्गः,"Rasa: कटु, तिक्त | Guna: स्निग्ध, तीक्ष्ण, | Virya: उष्ण | Vipaka: कटु","सतिक्त, कफ-वातघ्न, रक्त-पित्ता-अग्निवर्धन, रक्षोहर, कण्डू-कुष्ठ-कोष्ठ-क्रिमिग्रहापह",,,MULTI_ENTITY_OR_GROUP_HEADWORD,
BPN_0742,"राजिका, कृष्णराजिका","राजी, राजिका, तीक्ष्णगन्धा, क्षुज्जनिका, आसुरी",,,धान्यवर्गः,"Guna: तीक्ष्ण, रुक्ष | Virya: उष्ण","रक्त-पित्तकृत्, किञ्चित् रूक्षाऽग्निदा, कण्डू-कुष्ठ-कोष्ठ-क्रिमीहर, अतितीक्ष्ण, कफपित्तघ्नी",,,MULTI_ENTITY_OR_GROUP_HEADWORD,
BPN_0747,अथ कोद्रवः वनकोद्रवश्च । तयोर्णामानि गुणाँश्चाह,"कोद्रव, कोरदूष",,,धान्यवर्गः,Virya: उष्ण,"पित्त-कफापह, उद्दाल, ग्राही, अतिवातकर",,,COMMENTARY_AS_HEADWORD|VERSE_OR_MULTILINE_HEADWORD|HEADWORD_TOO_LONG|MULTI_ENTITY_OR_GROUP_HEADWORD,
BPN_0749,,उद्दाल,,,धान्यवर्गः,Virya: उष्ण,"ग्राही, भृशवातकर",,,MISSING_HEADWORD,
BPN_0757,वर्षोषितं,,,,धान्यवर्गः,,"पथ्य, लघुतर",,,CONTEXT_DEPENDENT_HEADWORD,MISSING_CLASSICAL_PROPERTIES
BPN_0758,वर्षोषितं,,,,धान्यवर्गः,,सर्वधान्यं गौरवपरिमुञ्चति,,,CONTEXT_DEPENDENT_HEADWORD,MISSING_CLASSICAL_PROPERTIES
BPN_0759,नवा यवगोधूमतिलमाषा,,,,धान्यवर्गः,,हिताः,,,MULTI_ENTITY_OR_GROUP_HEADWORD,MISSING_CLASSICAL_PROPERTIES
BPN_0761,अथ शाकानां गुणानाह,,"प्रायः शाकानि सर्वाणि विष्टम्भीनि गुरूणि च |	
	
रूक्षाणि बहुवर्चांसि सृष्टविण्मारुतानि च ||२||	
	
शाकं भिनत्ति वपुरस्थि निहन्ति नेत्रं वर्णं विनाशयति रक्तमथापि शुक्रम् |	
	
प्रज्ञाक्षयं च कुरुते पलितं च नूनं हन्ति स्मृतिं गतिमिति प्रवदन्ति तज्ज्ञाः ||३||	
	
शाकेषु सर्वेषु वसन्ति रोगास्ते हेतवो देहविनाशनाय |	
	
तस्माद् बुधः शाकविवर्जनं तु कुर्यात्तथाम्लेषु स एव दोषः ||४||",,धान्यवर्गः,"Guna: गुरूणि, रूक्षाणि","विष्टम्भीनि, बहुवर्चासि, सृष्टविण्मारुतानि, प्रज्ञाक्षय, स्मृतिहर",,,COMMENTARY_AS_HEADWORD|MULTI_ENTITY_OR_GROUP_HEADWORD,LEGACY_HERB_ENGLISH_CONTAINS_SANSKRIT_TEXT
BPN_0762,"पत्रशाकानि, वास्तूकद्वयम्","वास्तूक, वास्तुक, क्षारपत्र, शाकराट्","वास्तूकं वास्तुकं च स्यात्क्षारपत्रं च शाकराट् |

तदेव तु बृहत्पत्रं रक्तं स्याद् गौडवास्तुकम् |

प्रायशो यवमध्ये स्याद्यवशाकमतः स्मृतम् ||५||

वास्तूकद्वितयं स्वादु क्षारं पाके कटूदितम् |

दीपनं पाचनं रुच्यं लघु शुक्रबलप्रदम् |

सरं प्लीहास्रपित्तार्शःकृमिदोषत्रयापहम् ||६||",,धान्यवर्गः,"Rasa: स्वादु, क्षार, | Guna: लघु | Vipaka: कटु","दीपन, पाचन, रुच्य, शुक्र-बलप्रद, सर, प्लीह-अस्र-पित्त-आर्शः-कृमि-दोषत्रयापह",,,HEADWORD_TOO_LONG|MULTI_ENTITY_OR_GROUP_HEADWORD,LEGACY_HERB_ENGLISH_CONTAINS_SANSKRIT_TEXT
BPN_0764,श्वेतरक्तमारिषौ,"मारिष, वाष्पक, मार्ष","मारिषो बाष्पको मार्षः श्वेतो रक्तश्च स स्मृतः |

मारिषो मधुरः शीतो विष्टम्भी पित्तनुद् गुरुः |

वातश्लेष्मकरो रक्तपित्तनुद्विषमाग्निजित् ||८||

रक्तमार्षो गुरुर्नातिसक्षारो मधुरः सरः |

श्लेष्मलः कटुकः पाके स्वल्पदोष उदीरितः ||९||",,धान्यवर्गः,,,,,NO_PROPERTIES_OR_KARMA,LEGACY_HERB_ENGLISH_CONTAINS_SANSKRIT_TEXT
BPN_0773,"लोणी, बृहल्लोणी","लोणा, लोणी, घोटिका","लोणा लोणी च कथिता बृहल्लोणी तु घोटिका |

लोणी रूक्षा स्मृता गुर्वी वातश्लेष्महरी पटुः |

अर्शोघ्नी दीपनी चाम्ला मन्दाग्निविषनाशिनी ||१६||

घोटिकाऽम्ला सरा चोष्णा वातकृत्कफपित्तहृत् |

वाग्दोषव्रणगुल्मघ्नी श्वासकासप्रमेहनुत् |

शोथलोचनरोगे च हिता तज्ज्ञैरुदाहृता ||१७||",,धान्यवर्गः,,,,,MULTI_ENTITY_OR_GROUP_HEADWORD|NO_PROPERTIES_OR_KARMA,LEGACY_HERB_ENGLISH_CONTAINS_SANSKRIT_TEXT
BPN_0782,द्रोणपुष्पी पत्रम्,,"द्रोणपुष्पीदलं स्वादु रूक्षं गुरु च पित्तकृत् |

भेदनं कामलाशोथमेहज्वरहरं कटु ||२७||",,धान्यवर्गः,"Rasa: कटु, स्वादु | Guna: रूक्ष, गुरु","पित्तकृत्, भेदन, कामला-शोथ-मेह-ज्वरहर",,,MULTI_ENTITY_OR_GROUP_HEADWORD,LEGACY_HERB_ENGLISH_CONTAINS_SANSKRIT_TEXT
BPN_0793,सर्षपं शाकम्,,"कटुकं सार्षपं शाकं बहुमूत्रमलं गुरु |

अम्लपाकं विदाहि स्यादुष्णं रूक्षं त्रिदोषजित् |

सक्षारलवणं तीक्ष्णं स्वादु शाकेषु निन्दितम् ||३९||",,धान्यवर्गः,"Rasa: स्वादु, कटु, सक्षारलवणं | Guna: गुरु, रूक्ष, तीक्ष्ण, | Virya: उष्ण | Vipaka: अम्ल","बहुमूत्रमल, विदाहि, त्रिदोषकृत्, सक्षारलवण, शाकनिन्दित",,,MULTI_ENTITY_OR_GROUP_HEADWORD,LEGACY_HERB_ENGLISH_CONTAINS_SANSKRIT_TEXT
BPN_0794,"पुष्पशाकानि, अगस्तिपुष्पम्",,"अगस्तिकुसुमं शीतं चातुर्थिकनिवारणम् |

नक्तान्ध्यनाशनं तिक्तं कषायं कटुपाकि च |

पीनसश्लेष्मपित्तघ्नं वातघ्नं मुनिभिर्मतम् ||४०||",,धान्यवर्गः,"Rasa: तिक्त, कषाय, , | Virya: शीत | Vipaka: कटु","चातुर्थिकनिवारण, नक्तान्ध्यनाशन, पीनस-श्लेष्म-पित्तघ्न, वातघ्न",,,HEADWORD_TOO_LONG|MULTI_ENTITY_OR_GROUP_HEADWORD,LEGACY_HERB_ENGLISH_CONTAINS_SANSKRIT_TEXT
BPN_0796,शिग्रोः मधुशिग्रोः पुष्पम्,,"मधुशिग्रु, शोभाञ्जनपुष्प

शिग्रोः पुष्पं तु कटुकं तीक्ष्णोष्णं स्नायुशोथकृत् |

कृमिहृत्कफवातघ्नं विद्रधिप्लीहगुल्मजित् |

मधु शिग्रोस्त्वक्षिहितं रक्तपित्तप्रसादनम् ||४२||",,धान्यवर्गः,Rasa: कटु | Guna: तीक्ष्ण | Virya: उष्ण,"स्नायुशोथनुत्, कृमिहृत्, कफ-वातघ्न, विद्रधि-प्लीह-गुरुम-जित्, अक्षिहित, रक्त-पित्त-प्रसादन",,,HEADWORD_TOO_LONG|MULTI_ENTITY_OR_GROUP_HEADWORD,LEGACY_HERB_ENGLISH_CONTAINS_SANSKRIT_TEXT
BPN_0798,"फलशाकानि, कूष्माण्डम्","कूष्माण्ड, पुष्पफल, पीतपुष्प, बृहत्फल","कूष्माण्डं स्यात्पुष्पफलं पीतपुष्पं बृहत्फलम् |

कूष्माण्डं बृंहणं वृष्यं गुरु पित्तास्रवातनुत् |

बालं पित्तापहं शीतं मध्यमं कफकारकम् ||४५||

वृद्धं नातिहिमं स्वादु सक्षारं दीपनं लघु |

बस्तिशुद्धिकरं चेतोरोगहृत्सर्वदोषजित् ||४६||",,धान्यवर्गः,"Rasa: स्वादु | Guna: , गुरु | Virya: शीत","बृंहण, वृष्य, पित्ता-अस्रवातनुत्,,",,,MULTI_ENTITY_OR_GROUP_HEADWORD,LEGACY_HERB_ENGLISH_CONTAINS_SANSKRIT_TEXT
BPN_0801,वृद्ध,,,,धान्यवर्गः,Rasa: स्वादु | Guna: लघु,"वृद्धंनातिहिम, सक्षार, दीपन, बस्तिशुद्धिकर, चेतोरोगहृत्, सर्वदोषजित्",,,CONTEXT_DEPENDENT_HEADWORD,
BPN_0803,पक्वा,,,,धान्यवर्गः,Rasa: तिक्त,"अग्निजननी, सक्षारा, कफ-वातनुत्",,,CONTEXT_DEPENDENT_HEADWORD,
BPN_0804,अलाबुः - दीर्घा वर्तुला च,"अलाबू, तुम्बी","अलाबूः कथिता तुम्बी द्विधा दीर्घा च वर्तुला |

मिष्टतुम्बीफलं हृद्यं पित्तश्लेष्मापहं गुरु |

वृष्यं रुचिकरं प्रोक्तं धातुपुष्टिविवर्धनम् ||४८|||",,धान्यवर्गः,Guna: गुरु,"हृद्य, पित्त-श्लेष्मा-पह, वृष्य, रुचिकर, धातुपुष्टिविवर्धन",,,HEADWORD_TOO_LONG|MULTI_ENTITY_OR_GROUP_HEADWORD,LEGACY_HERB_ENGLISH_CONTAINS_SANSKRIT_TEXT
BPN_0808,कारवेल्लं कारवेल्ली च,"कारवेल्ल, कठिल्ल, कारवेल्ली","कारवेल्लं कठिल्लं स्यात्कारवेल्ली ततो लघुः |

कारवेल्लं हिमं भेदि लघु तिक्तमवातलम् |

ज्वरपित्तकफास्रघ्नं पाण्डुमेहकृमीन्हरेत् |

तद्गुणा कारवेल्ली स्याद्विशेषाद्दीपनी लघुः ||५२||",,धान्यवर्गः,Rasa: तिक्त | Guna: लघु | Virya: शीत,"भेदि, अवातल, ज्वर-पित्त-कफा-अस्रघ्न, पाण्डु-मेह-कृमीहर, विशेषाद्दीपनी",,,MULTI_ENTITY_OR_GROUP_HEADWORD,LEGACY_HERB_ENGLISH_CONTAINS_SANSKRIT_TEXT
BPN_0812,अथ पटोलस्य मूल नाल पत्र फलानां गुणानाह,,"पटोलस्य भवेन्मूलं विरेचनकरं सुखात् |

नालं श्लेष्महरं पत्रं पित्तहारी फलं पुनः |

दोषत्रयहरं प्रोक्तं तद्वत्तिक्ता पटोलिका ||५८||",,धान्यवर्गः,,मूलं विरेचनकर; नालं श्लेष्महर; पत्रं पित्तहारी; फलं दोषत्रयहर,,,COMMENTARY_AS_HEADWORD|HEADWORD_TOO_LONG|MULTI_ENTITY_OR_GROUP_HEADWORD,MISSING_CLASSICAL_PROPERTIES|LEGACY_HERB_ENGLISH_CONTAINS_SANSKRIT_TEXT
BPN_0813,"बिम्बी (कुन्दुरी, कन्दूरी)","बिम्बी, रक्तफला, तुण्डी, तुण्डीकेरी, बिम्बिका, ओष्ठोपमफला, पीलुपर्णी","बिम्बी रक्तफला तुण्डी तुण्डीकेरी च बिम्बिका |

ओष्ठोपमफला प्रोक्ता पीलुपर्णी च कथ्यते ||५९||

बिम्बीफलं स्वादु शीतं गुरु पित्तास्रवातजित् |

स्तम्भनं लेखनं रुच्यं विबन्धाध्मानकारकम् ||६०||",,धान्यवर्गः,Rasa: स्वादु | Guna: गुरु | Virya: शीत,"पित्तास्रवातजित्, स्रंभन, लेखन, रुच्य, विबन्धाध्मानकारक",,,HEADWORD_TOO_LONG|MULTI_ENTITY_OR_GROUP_HEADWORD,LEGACY_HERB_ENGLISH_CONTAINS_SANSKRIT_TEXT
BPN_0814,शिम्बीः - पुस्तशिम्बी च,"शिम्बी, पुस्तशिम्बि, पुस्तकशिम्बिका","शिम्बिः शिम्बी पुस्तशिम्बी तथा पुस्तकशिम्बिका |

शिम्बीद्वयं च मधुरं रसे पाके हिमं गुरु |

बल्यं दाहकरं प्रोक्तं श्लेष्मलं वातपित्तजित् ||६१||",,धान्यवर्गः,Rasa: मधुर | Guna: गुरु | Virya: शीत | Vipaka: मधुर,"बल्य, दाहकर, श्लेष्मल, वात-पित्तजित्",,,MULTI_ENTITY_OR_GROUP_HEADWORD,LEGACY_HERB_ENGLISH_CONTAINS_SANSKRIT_TEXT
BPN_0818,अथ तद्बालवृद्धफलयोर्गुणानाह,,"तद्बालं कफपित्तघ्नं वृद्धं पित्तकरं लघु |

वृन्ताकं पित्तलं किञ्चिदङ्गारपरिपाचितम् ||६५||

कफमेदोऽनिलामघ्नमत्यर्थं लघु दीपनम् |

तदेव हि गुरु स्निग्धं सतैलं लवणान्वितम् ||६६||

अपरं श्वेतवृन्ताकं कुक्कुटाण्डसमं भवेत् |

तदर्शःसु विशेषेण हितं हीनं च पूर्वतः ||६७||",,धान्यवर्गः,Guna: गुरु,"कफ-पित्तघ्न, पित्तकर",,,COMMENTARY_AS_HEADWORD|HEADWORD_TOO_LONG|MULTI_ENTITY_OR_GROUP_HEADWORD,LEGACY_HERB_ENGLISH_CONTAINS_SANSKRIT_TEXT
BPN_0819,अथ अङ्गारपरिपाचित वृन्ताक फलगुणानाह,,"तद्बालं कफपित्तघ्नं वृद्धं पित्तकरं लघु |

वृन्ताकं पित्तलं किञ्चिदङ्गारपरिपाचितम् ||६५||

कफमेदोऽनिलामघ्नमत्यर्थं लघु दीपनम् |

तदेव हि गुरु स्निग्धं सतैलं लवणान्वितम् ||६६||

अपरं श्वेतवृन्ताकं कुक्कुटाण्डसमं भवेत् |

तदर्शःसु विशेषेण हितं हीनं च पूर्वतः ||६७||",,धान्यवर्गः,Guna: लघु,"पित्तल, किञ्चिदङ्गारपरिपाचित, कफ-मेदो-अनिल-आमघ्न, दीपन",,,COMMENTARY_AS_HEADWORD|HEADWORD_TOO_LONG|MULTI_ENTITY_OR_GROUP_HEADWORD,LEGACY_HERB_ENGLISH_CONTAINS_SANSKRIT_TEXT
BPN_0820,अथ तैल लवणान्वितवृन्ताकस्य श्वेतवृन्ताकस्य च गुणानाह,,"तद्बालं कफपित्तघ्नं वृद्धं पित्तकरं लघु |

वृन्ताकं पित्तलं किञ्चिदङ्गारपरिपाचितम् ||६५||

कफमेदोऽनिलामघ्नमत्यर्थं लघु दीपनम् |

तदेव हि गुरु स्निग्धं सतैलं लवणान्वितम् ||६६||

अपरं श्वेतवृन्ताकं कुक्कुटाण्डसमं भवेत् |

तदर्शःसु विशेषेण हितं हीनं च पूर्वतः ||६७||",,धान्यवर्गः,"Guna: गुरु, स्निग्ध","सतैल, लवणान्वित, कुक्कुटाण्डसम, अर्शःसुविशेषहित, हीन",,,COMMENTARY_AS_HEADWORD|HEADWORD_TOO_LONG|MULTI_ENTITY_OR_GROUP_HEADWORD,LEGACY_HERB_ENGLISH_CONTAINS_SANSKRIT_TEXT
BPN_0826,"नालशाकानि, सार्षपनालम्",,"तीक्ष्णोष्णं सार्षपं नालं वातश्लेष्मव्रणापहम् |

कण्डूवमिहरं दद्रुकुष्ठघ्नं रुचिकारकम् ||७३||",,धान्यवर्गः,Guna: तीक्ष्ण | Virya: उष्ण,"वात-श्लेष्म-व्रणापह, कण्डू-कृमिहर, दद्रु-कुष्ठघ्न, रुचिकारक",,,MULTI_ENTITY_OR_GROUP_HEADWORD,LEGACY_HERB_ENGLISH_CONTAINS_SANSKRIT_TEXT
BPN_0827,"कन्दशाकानि, सुरणम्","सूरन, कन्द, ओल, कन्दल, अर्शोघ्न","सूरणः कन्द ओलश्च कन्दलोऽर्शोघ्न इत्यपि |

सूरणो दीपनो रूक्षः कषायः कण्डुकृत् कटुः |

विष्टम्भी विशदो रुच्यः कफार्शः कृन्तनो लघुः ||७४||

विशेषादर्शसे पथ्यः प्लीहगुल्मविनाशनः |

सर्वेषां कन्दशाकानां सूरणः श्रेष्ठ उच्यते ||७५||

दद्रूणां कुष्ठिनां रक्तपित्तिनां न हितो हि सः |

सन्धानयोगं सम्प्राप्तः सूरणो गुणवत्तरः ||७६||",,धान्यवर्गः,"Rasa: कषाय, कटु, विशद | Guna: रूक्ष, लघु","कण्डुकृत्, विष्टम्भी, रुच्य, कफा-आर्शःकृन्तन, विशेषादर्शसपथ्य, प्लीह-गुल्म-विनाशन, श्रेष्ठ, दद्रू-कुष्टि-रक्त-पित्ताहित, सन्धानयोगसम्प्राप्त, गुणवत्तर, दीपन",,,MULTI_ENTITY_OR_GROUP_HEADWORD,LEGACY_HERB_ENGLISH_CONTAINS_SANSKRIT_TEXT
BPN_0840,कसेरु चिचोढम्,"राजकसेरुक, चिचोढ","कसेरु द्विविधं तत्तु महद्राजकसेरुकम् |

मुस्ताकृति लघु स्याद्यत्तच्चिचोढमिति स्मृतम् ||९१||

कसेरुकद्वयं शीतं मधुरं तुवरं गुरु |

पित्तशोणितदाहघ्नं नयनामयनाशनम् |

ग्राहि शुक्रानिलश्लेष्मारुचिस्तन्यकरं स्मृतम् ||९२||",,धान्यवर्गः,"Rasa: मधुर, तुवर | Guna: गुरु | Virya: शीत","पित्त-शोणित-दाहघ्न, नयनामयनाशन, ग्राहि, शुक्रा-अनिल-श्लेष्मा-अरुचि-स्तन्यकर",,,MULTI_ENTITY_OR_GROUP_HEADWORD,LEGACY_HERB_ENGLISH_CONTAINS_SANSKRIT_TEXT
BPN_0841,शूलकम् भिस्साण्डम्,"कमलकन्द, शालूक, करहाट","पद्मादिकन्दः शालूकं करहाटश्च कथ्यते |

मृणालमूलं भिस्साण्डं लजालूकश्च कथ्यते ||९३||

शालूकं शीतलं वृष्यं पित्तदाहास्रहृद्गुरु |

दुर्जरं स्वादुपाकश्च स्तन्यानिलकफप्रदम् |

संग्राहि मधुरं रूक्षं भिस्साण्डमपि तद्गुणम् ||९४||",,धान्यवर्गः,"Guna: रूक्ष, गुरु | Virya: शीतल | Vipaka: मधुर","वृष्य, पित्त-दाह-अस्रनुत्, दुर्जर, स्तन्या-अनिल-कफप्रद,",,,MULTI_ENTITY_OR_GROUP_HEADWORD,LEGACY_HERB_ENGLISH_CONTAINS_SANSKRIT_TEXT
BPN_0844,संस्वेदजशाकानि,"संस्वेदज, भूमिच्छत्र, शिलीन्ध्रक","उक्तं संस्वेदजं शाकं भूमिच्छत्रं शिलीन्ध्रकम् |

क्षितिगोमयकाष्ठेषु वृक्षादिषु तदुद्भवेत् ||९७||

सर्वे संस्वेदजाः शीता दोषलाः पिच्छिलाश्च ते |

गुरवश्छर्द्यतीसारज्वरश्लेष्मामयप्रदाः ||९८||

श्वेताशुभ्रस्थलीकाष्ठवंशगोव्रणसम्भवाः |

नातिदोषकरास्ते स्युः शेषास्तेभ्यो विगर्हिताः ||९९||",,धान्यवर्गः,Guna: पिच्छिल | Virya: शीता,"दोषला, गुरु -छर्दि-अतीसार-ज्वर-श्लेष्मा-आमयप्रदा, श्वेताशुचिस्थलीकाष्ठवंशगोमयसम्भव, नातिदोषकर",,,MULTI_ENTITY_OR_GROUP_HEADWORD,LEGACY_HERB_ENGLISH_CONTAINS_SANSKRIT_TEXT
BPN_0845,अथ मांसम् । तस्य नामानि गुणाँश्चाह,,,,मांसवर्गः,Rasa: मधुर | Guna: गुरु | Vipaka: मधुर,"वातहर, बृंहण, बलपुष्टिकृत्, प्रीणन, हृद्य",,,COMMENTARY_AS_HEADWORD|VERSE_OR_MULTILINE_HEADWORD|HEADWORD_TOO_LONG|MULTI_ENTITY_OR_GROUP_HEADWORD,
BPN_0846,अथ जाङ्गलमांसस्य भेदान् गुणाँश्चाह,,,,मांसवर्गः,"Rasa: मधुरा | Guna: रूक्षा, तुवरा, लघु","बल्या, बृंहण, वृष्या, दीपना, दोषहारिण,  मूकता-मिन्मिंनत्व-गद्गदत्वार्दित-बाधिर्य्यमरुचिच्छर्दिप्रमेहमुखजगद-श्लीपद-गलगण्ड-अनिलामयानाशक",,,COMMENTARY_AS_HEADWORD|HEADWORD_TOO_LONG|MULTI_ENTITY_OR_GROUP_HEADWORD,
BPN_0847,अथ अनूपमांसस्य भेदान् गुणाँश्चाह,,,,मांसवर्गः,"Rasa: मधुरा | Guna: स्निग्धा, गुरव, पिच्छिला","वह्निसादना, श्लेष्मला, , मांसपुष्टिप्रदा, अभिष्यन्दिन, पथ्यतमा",,,COMMENTARY_AS_HEADWORD|HEADWORD_TOO_LONG|MULTI_ENTITY_OR_GROUP_HEADWORD,
BPN_0861,अथ जङ्घालाः।  तत्र हरिणस्य मांसगुणानाह,,,,मांसवर्गः,Rasa: मधुर | Guna: लघु | Virya: शीतल | Vipaka: मधुर,"बद्धविण्मूत्र, दीपन, सुगन्धि, सन्निपातहा",,,COMMENTARY_AS_HEADWORD|VERSE_OR_MULTILINE_HEADWORD|HEADWORD_TOO_LONG|MULTI_ENTITY_OR_GROUP_HEADWORD,
BPN_0870,"बिलेशयाः, शशः","लम्बकर्ण, शश, शूली, लोमकर्ण, बिलेशय",,,मांसवर्गः,"Rasa: स्वादु | Guna: लघु, रूक्ष | Virya: शीत","सदाहित, वह्निकृत्, कफ-पित्तघ्न, वातसाधारण, ज्वरा-अतीसार-शोषा-अस्र-श्वास-आमयहर, ग्राही",,,MULTI_ENTITY_OR_GROUP_HEADWORD,
BPN_0881,तित्तिरिः कृष्णवर्णः,,,,मांसवर्गः,,"बलद, ग्राही, हिक्का-दोषत्रयापह, श्वास-कास-ज्वरहर,",,,MULTI_ENTITY_OR_GROUP_HEADWORD,MISSING_CLASSICAL_PROPERTIES
BPN_0882,गौरः कपिञ्जलः,,,,मांसवर्गः,,तस्माद्गौरो गुणाधिक,,,MULTI_ENTITY_OR_GROUP_HEADWORD,MISSING_CLASSICAL_PROPERTIES
BPN_0886,"प्रतुदाः, हारीतः",,,,मांसवर्गः,"Guna: रुक्ष, उष्ण","रक्त-पित्त-कफापह, स्वेद-स्वर-कर, इषद्-वातकर",,,MULTI_ENTITY_OR_GROUP_HEADWORD,
BPN_0892,"ग्राम्याः, छागः","छागल, बर्कर, छाग, बेस्त, अज, छेलक , स्तुभ",,,मांसवर्गः,"Rasa: स्वादु | Guna: लघु, स्निग्ध | Vipaka: स्वादु,","त्रिदोषनुत्, नातिशीत, अदाहि, पीनस, नाशन बलकर, रुच्य, बृंहण, वीर्यवर्द्धन",,,MULTI_ENTITY_OR_GROUP_HEADWORD,
BPN_0895,अथ निष्कासिताण्ड वृद्ध व्याधिमृतानां छागानां मांसस्य चागमुण्डस्य च गुणानाह,,,,मांसवर्गः,,",",,,COMMENTARY_AS_HEADWORD|HEADWORD_TOO_LONG|MULTI_ENTITY_OR_GROUP_HEADWORD,MISSING_CLASSICAL_PROPERTIES
BPN_0897,वृद्ध,,,,मांसवर्गः,"Guna: , रूक्ष",वातल,,,CONTEXT_DEPENDENT_HEADWORD,
BPN_0904,"कूलेचराः, महिषः",,,,मांसवर्गः,"Rasa: स्वादु | Guna: स्निग्ध, गुरु | Virya: उष्ण","वातनाशन, निद्रा-शुक्रप्रद, बल्य, तनुदार्ढ्यकर, वृष्य, सृष्टविण्मूत्र, वात-पित्ता-अस्रनाशन",,,MULTI_ENTITY_OR_GROUP_HEADWORD,
BPN_0906,"पादिनः, कच्छपः","कच्छप, गूढपाद, कूर्म, कमठ, दृढपृष्ठक",,,मांसवर्गः,,"बलद, वात-पित्तनुत्, पुंस्त्वकारक",,,MULTI_ENTITY_OR_GROUP_HEADWORD,MISSING_CLASSICAL_PROPERTIES
BPN_0908,अथ स्वयं मृतस्य मांसगुणानाह,,,,मांसवर्गः,Guna: गुरु,"अबल्य, अतीसारकर",,,COMMENTARY_AS_HEADWORD|HEADWORD_TOO_LONG|MULTI_ENTITY_OR_GROUP_HEADWORD,
BPN_0909,अथ वृद्धबालयोर्मांसगुणानाह,,,,मांसवर्गः,Guna: लघु,"दोषल, बलद",,,COMMENTARY_AS_HEADWORD|HEADWORD_TOO_LONG|MULTI_ENTITY_OR_GROUP_HEADWORD,
BPN_0910,अथ सर्पव्यालदष्टयोर्मांसयोः शुष्कमांसस्य च गुणानाह,,,,मांसवर्गः,,"त्रिदोषकृत्, व्याघ्रदष्ट, शुष्क, शूलकर",,,COMMENTARY_AS_HEADWORD|HEADWORD_TOO_LONG|MULTI_ENTITY_OR_GROUP_HEADWORD,MISSING_CLASSICAL_PROPERTIES
BPN_0911,अथ विषादिमृतस्य मांसगुणानाह,,,,मांसवर्गः,,"मृत्युदोषरुजाकर, क्लिन्नमुत्क्लेशजनक, कृश, वातप्रकोपण, त्रिदोषकृत्",,,COMMENTARY_AS_HEADWORD|HEADWORD_TOO_LONG|MULTI_ENTITY_OR_GROUP_HEADWORD,MISSING_CLASSICAL_PROPERTIES
BPN_0912,अथ जात्यादिपरत्वेन मांसस्य गुणानाह,,,,मांसवर्गः,"Guna: लघु, रूक्ष, गुरु","पित्तकर, वातघ्न, श्लेष्मकर, बृंहण, वातघ्न",,,COMMENTARY_AS_HEADWORD|HEADWORD_TOO_LONG|MULTI_ENTITY_OR_GROUP_HEADWORD,
BPN_0942,"ताडगनिर्झरजा,",,,,मांसवर्गः,,बल-आयु-मति-दृक्-करा,,,MULTI_ENTITY_OR_GROUP_HEADWORD,MISSING_CLASSICAL_PROPERTIES
BPN_0943,अथर्त्तुविशेषे मत्स्य विशेषाणां मांसगुणानाह,,,,मांसवर्गः,,हेमन्ते कूपजा ; शिशिरे सारसा हिताः ; वसन्ते नादेया ; ग्रीष्मे चौब्ज्यसमुद्भवाः ; वर्षासु तडागजाता ; अपथ्या नदीभवाः शरदि नैर्झरा श्रेष्ठा,,,COMMENTARY_AS_HEADWORD|HEADWORD_TOO_LONG|MULTI_ENTITY_OR_GROUP_HEADWORD,MISSING_CLASSICAL_PROPERTIES
BPN_0966,मुद्गः - चणकोद्भवः,,,,कृतान्नवर्गः,Guna: लघव,"हिता, चणकगुणयुक्ताः, मध्यमगुणाः",,,MULTI_ENTITY_OR_GROUP_HEADWORD,
BPN_0967,पूरिका तैलपक्का घृतपक्का च,,,,कृतान्नवर्गः,"Guna: गुरु, स्निग्धा | Virya: उष्णा","रुच्या, स्वाद्वी , बल्या, पिता-अस्रदूषिका, चक्षुस्तेजोहरी, वातविनाशिनी, घृतपक्वा, चक्षुष्या, रक्तपित्तहृत्",,,HEADWORD_TOO_LONG|MULTI_ENTITY_OR_GROUP_HEADWORD,
BPN_0968,वटकः शुष्कः सरसः च,,,,कृतान्नवर्गः,"Guna: गुरु,","बल्या, बृंहणा, वीर्य्यवर्द्धना, वातामयहरा, रुच्या, विशेषादर्दितापहा, विबन्धभेदि, श्लेष्मकारिण, अत्यग्निपूजिता, शुक्रल, बलकृत्, रोचन, विबन्धहृत्, विदाही, श्लेष्मल, पवनापह",,,MULTI_ENTITY_OR_GROUP_HEADWORD,
BPN_0975,अलीकमत्स्यः,,,,कृतान्नवर्गः,"Guna: ,",,,,NO_KARMA_FOR_RECOMMENDATION,
BPN_0977,अलीकमत्स्यस्य गुणानाह,,,,कृतान्नवर्गः,,"बृंहणा, रोचना, वृष्या, बल्या, वातगदापह, कोष्ठशुद्धिकरा, शुष्का, किञ्चित्-पित्तप्रकोपणी, अर्दितसहनुस्तम्भविशेषेण हिता",,,COMMENTARY_AS_HEADWORD|MULTI_ENTITY_OR_GROUP_HEADWORD,MISSING_CLASSICAL_PROPERTIES
BPN_0998,मुक्तामोदका मुद्गमोदका वा,,,,कृतान्नवर्गः,Rasa: स्वादु | Guna: लघु | Virya: शीत,"ग्रही, त्रिदोषघ्न, रुचिप्रद, चक्षुष्य, ज्वरहृत्, बल्य, तर्पण, मुद्गमोदक",,,HEADWORD_TOO_LONG|MULTI_ENTITY_OR_GROUP_HEADWORD,
BPN_1002,"परिवेष्याणि, रसाला",,,,कृतान्नवर्गः,"Rasa: मधुरा | Guna: स्निग्धा, शीतल","शुक्रला, बल्या, रोचनी, वात-पित्तजित्, दीपनी, बृंहणी, शिशिरा, सरा, रक्त-पित्त-तृषा-दाह-प्रतिश्यायविनाशक",,,MULTI_ENTITY_OR_GROUP_HEADWORD,
BPN_1004,"प्रपाणकानि, आम्रफलप्रपाणकम्",,,,कृतान्नवर्गः,,"सद्यो रुचिकर, बल्य, शीघ्रम् इन्द्रियतर्पण",,,HEADWORD_TOO_LONG|MULTI_ENTITY_OR_GROUP_HEADWORD,MISSING_CLASSICAL_PROPERTIES
BPN_1024,अथ तण्डुलः।  तस्य गुणानाह,,,,कृतान्नवर्गः,,"मेहजन्तुघ्न, नवस्त्वतिदुर्जर",,,COMMENTARY_AS_HEADWORD|VERSE_OR_MULTILINE_HEADWORD|HEADWORD_TOO_LONG|MULTI_ENTITY_OR_GROUP_HEADWORD,MISSING_CLASSICAL_PROPERTIES
BPN_1032,अथ शरदि वर्षासु च जलस्य निर्विषत्वे च हेतुमाह,,,,वारिवर्गः,Rasa: स्वादु,"निर्मल, निर्विष, शुक्रल, अदोषल",,,COMMENTARY_AS_HEADWORD|HEADWORD_TOO_LONG|MULTI_ENTITY_OR_GROUP_HEADWORD,
BPN_1033,अत एवाह,,,,वारिवर्गः,,"नागानां फुत्कारात विशवातेन सविष, दिव्य",,,MULTI_ENTITY_OR_GROUP_HEADWORD,MISSING_CLASSICAL_PROPERTIES
BPN_1034,अथानार्त्तवजलस्य लक्षणं गुणानाह,,,,वारिवर्गः,,त्रिदोषकारक,,,COMMENTARY_AS_HEADWORD|HEADWORD_TOO_LONG|MULTI_ENTITY_OR_GROUP_HEADWORD,MISSING_CLASSICAL_PROPERTIES
BPN_1038,अन्ये तु,,,,वारिवर्गः,"Guna: रूक्ष, सूक्ष्म | Virya: शीतल","दारुण, सूक्ष्म, वात-पित्त-कफादूषक",,,MULTI_ENTITY_OR_GROUP_HEADWORD,
BPN_1043,अथ भौमानामेव नादेयादीनां लक्षणानि गुणांश्च ।,,"नद्या नदस्य वा नीरं नादेयमिति कीर्तितम् |

नादेयमुदकं रूक्षं वातलं लघु दीपनम् |

अनभिष्यन्दि विशदं कटुकं कफपित्तनुत् ||२९||",,वारिवर्गः,"Rasa: कटु | Guna: रूक्ष, लघु, विशद","वातल, दीपन, अनभिष्यन्दि, कफपित्तनुत्",,,COMMENTARY_AS_HEADWORD|VERSE_OR_MULTILINE_HEADWORD|HEADWORD_TOO_LONG|MULTI_ENTITY_OR_GROUP_HEADWORD,LEGACY_HERB_ENGLISH_CONTAINS_SANSKRIT_TEXT
BPN_1044,शीघ्रवहाः नद्यः,,"नद्यः शीघ्रवहा लघ्व्यः सर्वा याश्चामलोदकाः |

गुर्व्यः शैवलसंछन्ना मन्दगाः कलुषाश्च याः ||३०||",,वारिवर्गः,Guna: लघु,,,,MULTI_ENTITY_OR_GROUP_HEADWORD|NO_KARMA_FOR_RECOMMENDATION,LEGACY_HERB_ENGLISH_CONTAINS_SANSKRIT_TEXT
BPN_1045,मन्दगाः,,"नद्यः शीघ्रवहा लघ्व्यः सर्वा याश्चामलोदकाः |

गुर्व्यः शैवलसंछन्ना मन्दगाः कलुषाश्च याः ||३०||",,वारिवर्गः,Guna: गुरु,,,,NO_KARMA_FOR_RECOMMENDATION,LEGACY_HERB_ENGLISH_CONTAINS_SANSKRIT_TEXT
BPN_1056,स्वादु,,,,वारिवर्गः,Guna: लघु,त्रिदोषघ्न,,,CONTEXT_DEPENDENT_HEADWORD,
BPN_1065,अथ गुणवतस्तोयस्य लक्षणान्याह,,"अगन्धमव्यक्तरसं सुशीतं तर्षनाशनम् |

स्वच्छं लघु च हृद्यञ्च तोयं गुणवदुच्यते ||७१||",,वारिवर्गः,Guna: लघु,"स्वच्छ , हृद्य",,,COMMENTARY_AS_HEADWORD|HEADWORD_TOO_LONG|MULTI_ENTITY_OR_GROUP_HEADWORD,LEGACY_HERB_ENGLISH_CONTAINS_SANSKRIT_TEXT
BPN_1067,अथ दुग्धपानार्हजनानाह,,,"विरेकवान्तिबस्तीनां सेव्यमोजोविवर्धनम् |

जीर्णज्वरे मनोरोगे शोषमूर्च्छाभ्रमेषु च ||३||

ग्रहण्यां पाण्डुरोगे च दाहे तृषि हृदामये |

शूलोदावर्तगुल्मेषु वस्तिरोगे गुदाङ्कुरे ||४||

रक्तपित्तेऽतिसारे च योनिरोगे श्रमे क्लमे |

गर्भस्रावे च सततं हितं मुनिवरैः स्मृतम् ||५||

बालवृद्धक्षतक्षीणाः क्षुद्व्यवायकृशाश्च ये |

तेभ्यः सदाऽतिशयितं हितमेतदुदाहृतम् ||६||",दुग्धवर्गः,,"विरेक-वान्ति-वस्तीनां सेव्यम् -ओजोविवर्द्धन, जीर्णज्वर-मनोरोग-शोष-मूर्च्छा-भ्रम-ग्रहणी-पाण्डुरोग-दाह-तृष-हृदामय-शूल-उदावर्त-गुल्म-वस्तिरोग-गुदाङ्कुर-रक्तपित्त-अतिसार-योनिरोग-श्रम-क्लम-गर्भस्राव सततहित, बाल-वृद्ध-क्षतक्षीण-क्षुद्व्यवायकृशेभ्यः हित",,,COMMENTARY_AS_HEADWORD|MULTI_ENTITY_OR_GROUP_HEADWORD,MISSING_CLASSICAL_PROPERTIES|UNVERIFIED_LEGACY_BOTANICAL_NAME
BPN_1068,अथ गोदुग्धस्य गुणानाह,,,"गव्यं दुग्धं विशेषेण मधुरं रसपाकयोः |

शीतलं स्तन्यकृत्स्निग्धं वातपित्तास्रनाशनम् ||७||

दोषधातुमलस्रोतः किञ्चित्क्लेदकरं गुरु |

जरासमस्तरोगाणां शान्तिकृत्सेविनां सदा ||८||",दुग्धवर्गः,"Rasa: मधुर | Guna: शीतल, स्निग्ध, गुरु | Virya: मधुर","दोष-धातु-मल-स्रोत किञ्चित् क्लेदकर, स्तन्यकृत्, वात-पित्ता-अस्रनाशन, जरा-समस्तरोगशान्तिकृत्",,,COMMENTARY_AS_HEADWORD|MULTI_ENTITY_OR_GROUP_HEADWORD,UNVERIFIED_LEGACY_BOTANICAL_NAME
BPN_1069,कृष्णादीनां गवां दुग्धगुणाः,,,"कृष्णाया गोर्भवेद् दुग्धं वातहारि गुणाधिकम् |

पीताया हरते पित्तं तथा वातहरं भवेत् |

श्लेष्मलं गुरु शुक्लाया रक्तचित्रा च वातहृत् ||९||",दुग्धवर्गः,,"कृष्णा गौः - वातहारि, गुणाधिक ; पीता गौः - पित्तहर, वातहर ; शुक्ला गौः - श्लेष्मल, गुरु ; रक्त-चित्रा गौः - वातहत्",,,HEADWORD_TOO_LONG|MULTI_ENTITY_OR_GROUP_HEADWORD,MISSING_CLASSICAL_PROPERTIES|UNVERIFIED_LEGACY_BOTANICAL_NAME
BPN_1070,सद्यः प्रसूतायाः विवत्सायाः गोर्दुग्धम्,,,"बालवत्सविवत्सानां गवां दुग्धं त्रिदोषकृत् |

बष्कयिण्यास्त्रिदोषघ्नं तर्पणं बलकृत्पयः |

जाङ्गलानूपशैलेषु चरन्तीनां यथोत्तरम् |

पयो गुरुतरं स्नेहो यथाहारं प्रवर्तते ||१०||",दुग्धवर्गः,,त्रिदोषकृत्,,,HEADWORD_TOO_LONG|MULTI_ENTITY_OR_GROUP_HEADWORD,MISSING_CLASSICAL_PROPERTIES|UNVERIFIED_LEGACY_BOTANICAL_NAME
BPN_1071,बष्कयिण्याः गोदुग्धम्,,,"बालवत्सविवत्सानां गवां दुग्धं त्रिदोषकृत् |

बष्कयिण्यास्त्रिदोषघ्नं तर्पणं बलकृत्पयः |

जाङ्गलानूपशैलेषु चरन्तीनां यथोत्तरम् |

पयो गुरुतरं स्नेहो यथाहारं प्रवर्तते ||१०||",दुग्धवर्गः,,"त्रिदोषघ्न, तर्पण, बलकृत्",,,MULTI_ENTITY_OR_GROUP_HEADWORD,MISSING_CLASSICAL_PROPERTIES|UNVERIFIED_LEGACY_BOTANICAL_NAME
BPN_1072,देशविशेषेण गोदुग्धम्,,,"बालवत्सविवत्सानां गवां दुग्धं त्रिदोषकृत् |

बष्कयिण्यास्त्रिदोषघ्नं तर्पणं बलकृत्पयः |

जाङ्गलानूपशैलेषु चरन्तीनां यथोत्तरम् |

पयो गुरुतरं स्नेहो यथाहारं प्रवर्तते ||१०||",दुग्धवर्गः,,"जाङ्गल-अनूप-शैलचरन्तीनां गुरुतर, स्नेह",,,MULTI_ENTITY_OR_GROUP_HEADWORD,MISSING_CLASSICAL_PROPERTIES|UNVERIFIED_LEGACY_BOTANICAL_NAME
BPN_1073,आहारविशेषेण गोदुग्धम्,,,"स्वल्पान्नभक्षणाज्जातं क्षीरं गुरु कफप्रदम् |

तत्तु बल्यं परं वृष्यं स्वस्थानां गुणदायकम् |

पलालतृणकार्पासबीजजं गुणैर्हितम् ||११||",दुग्धवर्गः,Rasa: गुरु,"स्वल्पान्नभक्षनात् जातं -  कफप्रद – बल्य, पर, वृष्य, स्वस्थानां गुणदायक रोगिणे हितं – पलाल-तृण-कार्पास-बीजजं हित",,,MULTI_ENTITY_OR_GROUP_HEADWORD,UNVERIFIED_LEGACY_BOTANICAL_NAME
BPN_1085,पीयूष-किलाट-क्षीरशाक-तक्रपिण्ड-मोरटानाम्,,,"क्षीरं तत्कालसूताया घनं पीयूषमुच्यते |

नष्टदुग्धस्य पक्वस्य पिण्डः प्रोक्तः किलाटकः ||२६||

अपक्वमेव यन्नष्टं क्षीरशाकं हि तत्पयः |

दध्ना तक्रेण वा नष्टं दुग्धं बद्धं सुवाससा ||२७||

द्रवभावेन सहितं तक्रपिण्डः स उच्यते |

नष्टदुग्धं भवेन्नीरं मोरटं जेज्जटोऽब्रवीत् ||२८||

पीयूषञ्च किलाटश्च क्षीरशाकं तथैव च |

तक्रपिण्ड इमे वृष्या बृंहणा बलवर्धनाः ||२९||

गुरवः श्लेष्मला हृद्या वातपित्तविनाशनाः |

दीप्ताग्नीनां विनिद्राणां विद्रधौ चाभिपूजिताः ||३०||

मुखशोषतृषादाहरक्तपित्तज्वरप्रणुत् |

लघुर्बलकरो रुच्यो मोरटः स्यात्सितायुतः ||३१||",दुग्धवर्गः,"Guna: गुरु, लघु,","वृष्य, बृंहण, बलवर्द्धन, श्लेष्मल, हृद्य, वात-पित्तविनाशन, दीप्ताग्नि-विनिद्रा-विद्रधिजनेभ्यः अत्युत्तम, मुखशोष-तृषा -दाह-रक्त-पित्त-ज्वरप्रणुत्, बलकर, रुच्य",,,HEADWORD_TOO_LONG|MULTI_ENTITY_OR_GROUP_HEADWORD,UNVERIFIED_LEGACY_BOTANICAL_NAME
BPN_1087,खण्डादियुक्तस्य दुग्धम्,,,"खण्डेन सहितं दुग्धं कफकृत्पवनापहम् |

सितासितोपलायुक्तं शुक्रलं त्रिमलापहम् |

सगुडं मूत्रकृच्छ्रघ्नं पित्तश्लेष्मकरं परम् ||३३||",दुग्धवर्गः,,"खण्डेन सहितम् - कफकृत्, पवनापह ; सितासितोपलायुक्तम् - शुक्रल, त्रिमलापह ; सगुडम्  - मूत्रकृच्छ्रघ्न, पित्तश्लेष्मकर",,,MULTI_ENTITY_OR_GROUP_HEADWORD,MISSING_CLASSICAL_PROPERTIES|UNVERIFIED_LEGACY_BOTANICAL_NAME
BPN_1088,प्रभातादिभवस्य दुग्धम्,,,"रात्रौ चन्द्रगुणाधिक्याद्व्यायामाकरणात्तथा |	
	
प्राभातिकं तदा प्रायः प्रादोषाद् गुरु शीतलम् ||३४||	
	
दिवाकरकराघाताद्व्यायामानिलसेवनात् |	
	
प्राभातिकात्तु प्रादोषं लघु वातकफापहम् ||३५||",दुग्धवर्गः,"Guna: लघु, गुरु | Virya: शीतल",वातकफापह,,,MULTI_ENTITY_OR_GROUP_HEADWORD,UNVERIFIED_LEGACY_BOTANICAL_NAME
BPN_1089,अथ दुग्धसेवनस्य समयविशेषेण गुणविशेषानाह,,,"वृष्यं बृंहणमग्निदीपनकरं पूर्वाह्णकाले पयो मध्याह्ने तु बलावहं कफहरं पित्तापहं दीपनम् |

बाले वृद्धिकरं क्षये क्षयकरं वृद्धेषु रेतोवहं रात्रौ पथ्यमनेकदोषशमनं क्षीरं सदा सेव्येत ||३६||

वदन्ति पेयं निशि केवलं पयो भोज्यं न तेनेह सहौदनादिकम् |

भवत्यजीर्णे निशि पीतशर्करा क्षीराल्पपानस्य तु शेषमुत्सृजेत् ||३७||

विदाहीन्यन्नपानानि दिवा भुङ्क्ते हि यन्नरः |

तद्विदाहप्रशान्त्यर्थं रात्रौ क्षीरं सदा पिबेत् ||३८||

दीप्तानले कृशे पुंसि वातवृद्धे पयःप्रिये |

मतं हिततमं पथ्यं सद्यःशुक्रकरं यतः ||३९||",दुग्धवर्गः,,"पूर्वाह्नकाले - वृष्य, बृंहण, अग्निदीपनकर ; मध्याह्ने - बलावह, कफहर, पित्तापह, दीपन वाले वृद्धिकर, क्षयेऽक्षयकर, वृद्धेषु रेतोवह, रात्रौ पथ्यमनेकदोषशमन, चक्षुर्हित, दीप्तानलकृषवालवृद्धपयःप्रियेषु सद्यः शुक्रकरं दुग्धं हितं",,,COMMENTARY_AS_HEADWORD|HEADWORD_TOO_LONG|MULTI_ENTITY_OR_GROUP_HEADWORD,MISSING_CLASSICAL_PROPERTIES|UNVERIFIED_LEGACY_BOTANICAL_NAME
BPN_1097,स्वादु,,,,दधिवर्गः,"Rasa: व्यक्त -मधुररस, अव्यक्त-आम्लरस | Vipaka: मधुर","अभिष्यन्दि, वृष्य, मेदकफावह, वातघ्न, रक्त-पित्तप्रसादन",,,CONTEXT_DEPENDENT_HEADWORD,
BPN_1098,स्वाद्वम्लम्,,,,दधिवर्गः,"Rasa: मधुर, कषाय",,,,NO_KARMA_FOR_RECOMMENDATION,
BPN_1102,पक्वदुग्धजातस्य दधि,,,,दधिवर्गः,"Rasa: मधुर | Guna: गुरु, स्निग्ध | Vipaka: मधुर","श्लेष्मल, वातपित्तनुत् , अभिश्यन्दि, वृष्य, अस्रदूषक",,,MULTI_ENTITY_OR_GROUP_HEADWORD,
BPN_1105,शर्करादिसहितस्य दधि,,,,दधिवर्गः,"Guna: लघु, शीतल","सङ्ग्राहि, वातल, विष्टम्भि, दीपन, रुच्य, ग्रहणीरोगनाशन",,,MULTI_ENTITY_OR_GROUP_HEADWORD,
BPN_1106,अथ गालितदध्नो गुणानाह,,,,दधिवर्गः,"Rasa: मधुर | Guna: स्निग्ध, गुरु","वातघ्न, कफकृत्, बलपुष्टिकर, रुच्य, नातिपित्तकृत्",,,COMMENTARY_AS_HEADWORD|MULTI_ENTITY_OR_GROUP_HEADWORD,
BPN_1109,अथ रात्रौ दधिभक्षणस्य निषेधमाह,,,,दधिवर्गः,,"न नक्तं दधि भुञ्जित न चाप्यघृतशर्करं, नामुद्गसूपं नाक्षौद्रं नोष्णं नामलकैर्विना |",,,COMMENTARY_AS_HEADWORD|HEADWORD_TOO_LONG|MULTI_ENTITY_OR_GROUP_HEADWORD,MISSING_CLASSICAL_PROPERTIES
BPN_1110,अथ ऋतुविशेषेण दध्नो विधिनिषेधावाह,,,,दधिवर्गः,,"हेमन्ते शिशिरे वर्षासु च शस्यते , शरत्-ग्रीष्म-वसन्तेषु प्रायः विगर्हित",,,COMMENTARY_AS_HEADWORD|HEADWORD_TOO_LONG|MULTI_ENTITY_OR_GROUP_HEADWORD,MISSING_CLASSICAL_PROPERTIES
BPN_1111,अथ विधिमन्तरेण दधिसेवने दुर्गुणानाह,,,,दधिवर्गः,,ज्वर-असृक्पित्त-विसर्प-कुष्ठ-पाण्डु-अमय -भ्रम-कामलां च प्राप्नुयात्,,,COMMENTARY_AS_HEADWORD|HEADWORD_TOO_LONG|MULTI_ENTITY_OR_GROUP_HEADWORD,MISSING_CLASSICAL_PROPERTIES
BPN_1114,तक्रम्,"कषाय, आम्ल",,,तक्रवर्गः,"Rasa: लघु | Guna: उष्ण | Virya: मधुर | Vipaka: ग्राहि, दीपनं, वृष्यं, प्रीणनं, वातनाशनम् । ग्रहण्यादिमतां पथ्यं, न पित्तप्रकोपणम् । कफापहम् ।",,,,NO_KARMA_FOR_RECOMMENDATION,
BPN_1115,छच्छिका,लवण,,,तक्रवर्गः,"Rasa: लघु, शीतल | Vipaka: पित्त-श्रम-तृषाहरी, वातनुत्, कफकृत्, दीपनी ।",,,,NO_KARMA_FOR_RECOMMENDATION,
BPN_1116,समुद्ध्रुतघृतं,,,,तक्रवर्गः,Rasa: लघु | Vipaka: समुद्ध्रुतघृतं पथ्यं लघु विशेषतः ।,,,,NO_KARMA_FOR_RECOMMENDATION,
BPN_1117,स्तोकोद्ध्रुतघृतं,,,,तक्रवर्गः,Rasa: गुरु | Vipaka: स्तोकोद्धृतघृतं वृष्यं कफापहम् ।,,,,NO_KARMA_FOR_RECOMMENDATION,
BPN_1118,अनुद्ध्रुतघृतं,,,,तक्रवर्गः,Rasa: गुरु | Vipaka: अनुद्धृतघृतं सान्द्रं गुरु पुष्टि-कफप्रदम् ।,,,,NO_KARMA_FOR_RECOMMENDATION,
BPN_1119,"म्रक्षण, सरज, हैयङ्गवीन, नवनीतक",,,,नवनीतवर्गः,Vipaka: हितं गव्यं वृष्यं वर्णबलाग्निकृत् । संग्राहि वात-पित्त-असृक्क्षयार्शो-अर्दितकासहृत् । बालके वृद्धे तद्धितम् । विशषात् अमृतं शिशोः ।,,,,HEADWORD_TOO_LONG|MULTI_ENTITY_OR_GROUP_HEADWORD|NO_KARMA_FOR_RECOMMENDATION,
BPN_1120,अथ माहिषनवनीतस्य गुणानाह,,,,नवनीतवर्गः,Rasa: गुरु | Vipaka: वात-श्लेष्मकरं गुरु । दाह-पित्त-श्रमहरम् । मेदः शुक्रविवर्द्धनम् ।,,,,COMMENTARY_AS_HEADWORD|MULTI_ENTITY_OR_GROUP_HEADWORD|NO_KARMA_FOR_RECOMMENDATION,
BPN_1121,अथ दुग्धोत्थनवनीतस्य गुणानाह,,,,नवनीतवर्गः,"Rasa: स्निग्ध, शीतल | Virya: मधुर | Vipaka: चक्षुष्यं रक्त-पित्तनुत् । वृष्यं बल्यम्, ग्राहि ।",,,,COMMENTARY_AS_HEADWORD|HEADWORD_TOO_LONG|MULTI_ENTITY_OR_GROUP_HEADWORD|NO_KARMA_FOR_RECOMMENDATION,
BPN_1122,अथ सद्योनिः सारितनवनीतस्य गुणानाह,"कषाय, आम्ल",,,नवनीतवर्गः,"Rasa: शीतल, लघु | Virya: मधुर | Vipaka: सद्यस्कं ग्राहि हिमम् । मेध्यम् ।",,,,COMMENTARY_AS_HEADWORD|HEADWORD_TOO_LONG|MULTI_ENTITY_OR_GROUP_HEADWORD|NO_KARMA_FOR_RECOMMENDATION,
BPN_1123,अथ चिरन्तननवनीतस्य गुणानाह,"क्षार, कटु, आम्ल",,,नवनीतवर्गः,Rasa: गुरु | Vipaka: वमन/छर्दि -अर्शः कुष्ठकारकम् । श्लेष्मलं गुरु मेदस्यम् ।,,,,COMMENTARY_AS_HEADWORD|HEADWORD_TOO_LONG|MULTI_ENTITY_OR_GROUP_HEADWORD|NO_KARMA_FOR_RECOMMENDATION,
BPN_1124,"घृत, आज्य, हविस्, सर्पिस्",,,,घृतवर्गः,"Rasa: स्वादु, गुरु, स्निग्ध | Guna: शीत | Vipaka: रसायनं, चक्षुष्यं, वह्निदीपनम् । विष-अलक्ष्मी-पाप-पित्ता-अनिलापहम् । अल्पाभिष्यन्दि कान्ति -ओज-तेजो-लावण्यवृद्धिकृत् । स्वर-स्मृतिकरं, उदावर्त्त-ज्वर-उन्माद-शूल-आनाह-व्रणान् हरेत् । मेध्यमायुष्यं बलकृत् । कफकरं, क्षय-वीसर्प-रक्तनुत् ।",,,,HEADWORD_TOO_LONG|MULTI_ENTITY_OR_GROUP_HEADWORD|NO_KARMA_FOR_RECOMMENDATION,
BPN_1125,अथ गव्यघृतस्य गुणानाह,,,,घृतवर्गः,"Rasa: गुरु | Guna: शीत | Virya: मधुर | Vipaka: चक्षुष्यं, वृष्यम्, अग्निकृत् ।स्वादुपाककरं शीतं वात-पित्त-कफापहम् । मेधा-लावण्य-कान्ति-ओज-तेजो-वृद्धिकरम् । अलक्ष्मी-पाप-रक्षोघ्नम् वयसः स्थापकम्।  बल्यं, पवित्रम्, आयुष्यं, सुमङ्गल्यं, रसायनं, सुगन्धं, रोचनं, चारु, सर्वाज्येषु गुणाधिकम् ।",,,,COMMENTARY_AS_HEADWORD|MULTI_ENTITY_OR_GROUP_HEADWORD|NO_KARMA_FOR_RECOMMENDATION,
BPN_1126,अह माहिषघृतस्य गुणानाह,,,,घृतवर्गः,"Rasa: शीतल, गुरु | Virya: मधुर | Vipaka: पित्त-रक्त-अनिलापहम्, वृष्यं, श्लेष्मलम् |",,,,COMMENTARY_AS_HEADWORD|MULTI_ENTITY_OR_GROUP_HEADWORD|NO_KARMA_FOR_RECOMMENDATION,
BPN_1127,हैय्यङ्गवीन,,,,घृतवर्गः,"Vipaka: चक्षुष्यं, दीपनं, रुचिकृत्परम्, बलकृद्, बृंहणं, वृष्यं, विशेषाज्ज्वरनाशनम् ।",,,,NO_KARMA_FOR_RECOMMENDATION,
BPN_1128,अथ तिलतैलगुणानाह,"मधुर, कषाय, तिक्त",,,तैलवर्गः,"Rasa: गुरु, विशद, सूक्ष्म | Guna: उष्ण | Virya: मधुर | Vipaka: स्थैर्य-बल-वर्णकर-सरम् । वृष्य-विकाशी-वात-कफापहम् । हिमं स्पर्शे-बृंहण-रक्त-पित्तकृत् । लेखनं -बद्धविण्मूत्रं -गर्भाशयविशोधनम् । दीपनं -बुद्धिदं -मेध्यं -व्यवायि-व्रणमेहनुत् । श्रोत्र-योनि-शिरः शूलनाशनम् । त्वच्यं केश्यं चक्षुष्यम् -अभ्यङ्गे लघुताकरम् । भोजनेऽन्यथा । छिन्न-भिन्न-च्युत-उत्पिष्ट- मथितक्षतपिच्चिते-भग्न-स्फुटित-विद्ध-अग्निदग्ध-विश्लिष्टदारिते-वस्तौ-पानेऽन्नसंस्कारे नस्ये कर्ण-अक्षिपूरणे । तथा अभिहतनिर्भुग्न-मृग-व्याघ्रादिविक्षते सेकाभ्यङ्गावगाहेषु तिलतैलं प्रशस्यते ।",,,,COMMENTARY_AS_HEADWORD|MULTI_ENTITY_OR_GROUP_HEADWORD|NO_KARMA_FOR_RECOMMENDATION,
BPN_1129,ननु बृंहणलेखनयोः कथं समानाधिकरण्यमित्याह,,,,तैलवर्गः,"Rasa: रूक्ष, सूक्ष्म, स्निग्ध, मृदु, तीक्ष्ण | Vipaka: रूक्षादिदुष्टः पवनः स्रोतः संकोचयेद् । रसोऽसम्यग्वहन् कार्श्यं  कुर्यात् रक्तान्यवर्द्धनम् । तेषु प्रवेष्टुं सरतासौक्ष्म्यस्निग्धत्वमार्दवैः । तैलं क्षमं रसं नेतुं कृशानां तेन बृंहणम् । व्यवायिसूक्ष्मतीक्ष्णोष्णसरत्वैभेदसः क्षयम् । शनैः प्रकुरुते तैलं तेन लेखनमीरितम् । द्रुतं पुरीषं बध्नाति स्खलितं पत्प्रवर्त्तयेत् । ग्राहकं सारकं च ।",,,,COMMENTARY_AS_HEADWORD|HEADWORD_TOO_LONG|MULTI_ENTITY_OR_GROUP_HEADWORD|NO_KARMA_FOR_RECOMMENDATION,
BPN_1130,अथ सर्षपराजिका तैलयोर्गुणानाह,कटु,,,तैलवर्गः,Rasa: तीक्ष्ण | Guna: उष्ण | Virya: कटु | Vipaka: अग्निदीपनं -लेखनं -स्पर्शं -पित्ता-अस्रदूषकम् । कफ-मेद-अनिल-आर्शोघ्न-शिरः-कर्णामयापहम् । कण्डू-कुष्ठ-कृमि-श्वित्र-कोठ-दुष्ट-क्रिमिप्रणुत् । मूत्रकृच्छ्रकृत् ।,,,,COMMENTARY_AS_HEADWORD|HEADWORD_TOO_LONG|MULTI_ENTITY_OR_GROUP_HEADWORD|NO_KARMA_FOR_RECOMMENDATION,
BPN_1131,अथ तुवरीतैलगुणानाह,,,,तैलवर्गः,"Rasa: उष्ण, लघु, तीक्ष्ण | Vipaka: ग्राहि-कफ-अस्रजित् । वह्निकृत्-विषहृत्-कण्डू-कुष्ठ-कोठ-कृमिप्रणुत् । मेदोदोषापहं व्रणशोथहरम् ।",,,,COMMENTARY_AS_HEADWORD|MULTI_ENTITY_OR_GROUP_HEADWORD|NO_KARMA_FOR_RECOMMENDATION,
BPN_1132,अथातसीतैलगुणानाह,कटु ? मधुर,,,तैलवर्गः,"Rasa: स्निग्ध, उष्ण, गुरु | Virya: कटु | Vipaka: आग्नेय-कफपित्तकृत् । अचक्षुष्य-बल्य-वातहरम् । मलकृत्-ग्राहि-त्वग्दोषहृद् घनम् । वस्तौ पाने तथाऽभ्यङ्गे नस्ये कर्णस्य पूरणे अनुपानविधौ चापि प्रयोज्यं वातशान्तये ।",,,,COMMENTARY_AS_HEADWORD|NO_KARMA_FOR_RECOMMENDATION,
BPN_1133,अथ कुसुम्भतैलगुणानाह,आम्ल,,,तैलवर्गः,"Rasa: उष्ण, गुरु | Vipaka: विदाहि-चक्षुर्भ्यामहितं, बल्यं, रक्त-पित्त-कफ-प्रदम् ।",,,,COMMENTARY_AS_HEADWORD|MULTI_ENTITY_OR_GROUP_HEADWORD|NO_KARMA_FOR_RECOMMENDATION,
BPN_1134,अथ खसबीज तैलगुणानाह,मधुर,,,तैलवर्गः,"Rasa: गुरु, शीतल | Virya: मधुर | Vipaka: बल्यं, वृष्यम् । वातहृत्-कफहृत् ।",,,,COMMENTARY_AS_HEADWORD|MULTI_ENTITY_OR_GROUP_HEADWORD|NO_KARMA_FOR_RECOMMENDATION,
BPN_1135,अथैरण्डतैलगुणानाह,"मधुर , तिक्त, कटु, कषाय",,,तैलवर्गः,"Rasa: तीक्ष्ण, उष्ण, गुरु, पिच्छिल, सूक्ष्म | Virya: मधुर | Vipaka: दीपनं, वृष्यं, त्वच्यं, वयःस्थापि मेधा-कान्ति-बलप्रदम् । योनि-शुक्र-विशोधनम् । विस्रं, सारकम् । वात-उदर-आनाह-गुल्म-अष्ठीला -कटिग्रहान् हन्ति । विषमज्वर-हृद्रोग-पृष्ठ-गुह्यादिशूलनुत् । वात-शोणित-विड्बन्ध-ब्रध्न-शोथ-आम-विद्रधिहरः ।",,,,COMMENTARY_AS_HEADWORD|NO_KARMA_FOR_RECOMMENDATION,
BPN_1136,तत्र काञ्जिकस्य लक्षणं गुणाँश्चाह,,,,सन्धानवर्गः,"Rasa: तीक्ष्ण, लघु, उष्ण | Vipaka: भेदि-रोचन-पाचन-दाहज्वरहर-स्पर्शात्पानाद्वात-कफापह-माषादिवटकैर्यत्तु क्रियते तद् गुणाधिकम् । वातहर-रोचन-पाचन-शूल-अजीर्ण-विबन्ध-अमनाशन-वस्तिशोधनम्",,,,COMMENTARY_AS_HEADWORD|HEADWORD_TOO_LONG|MULTI_ENTITY_OR_GROUP_HEADWORD|NO_KARMA_FOR_RECOMMENDATION,
BPN_1137,अथ तुषोदकस्य लक्षणं गुणाँश्चाह,,,,सन्धानवर्गः,"Rasa: तीक्ष्ण, उष्ण | Vipaka: दीपन-हृद्य-पाण्डु-क्रिमि-गदापह-पाचन-पित्त-रक्त--कृद्-बस्ति-शूलनुत्",,,,COMMENTARY_AS_HEADWORD|HEADWORD_TOO_LONG|MULTI_ENTITY_OR_GROUP_HEADWORD|NO_KARMA_FOR_RECOMMENDATION,
BPN_1138,अथ धान्याम्लस्य लक्षणं गुणाँश्चाह,,,,सन्धानवर्गः,Rasa: लघु | Vipaka: प्रीणन-दीपन- अरुचौ वातरोगेषु सर्वेष्वास्थापने हितम्,,,,COMMENTARY_AS_HEADWORD|HEADWORD_TOO_LONG|MULTI_ENTITY_OR_GROUP_HEADWORD|NO_KARMA_FOR_RECOMMENDATION,
BPN_1139,अथ शुक्तस्य लक्षणं गुणाँश्चाह,,,,सन्धानवर्गः,"Rasa: तीक्ष्ण, ऊष्ण, रूक्ष, लघु | Vipaka: कफघ्न-रोचन-पाचन- पाण्डु-क्रिमिहर-भेदन-रक्तपित्तकृत्",,,,COMMENTARY_AS_HEADWORD|HEADWORD_TOO_LONG|MULTI_ENTITY_OR_GROUP_HEADWORD|NO_KARMA_FOR_RECOMMENDATION,
BPN_1140,अथासुतम् तस्य लक्षणं गुणान् चाह,,,,सन्धानवर्गः,Rasa: लघु | Vipaka: रुच्य-पाचन-वातहरम्,,,,COMMENTARY_AS_HEADWORD|HEADWORD_TOO_LONG|MULTI_ENTITY_OR_GROUP_HEADWORD|NO_KARMA_FOR_RECOMMENDATION,
BPN_1141,"मद्य, सीधु, मैरेय,इरा , मदिरा, सुरा, कादम्बरी, वारुणी, हाला तथा बलवल्लभा",आम्ल,,,सन्धानवर्गः,"Rasa: रूक्ष, तीक्ष्णं,सूक्ष्म, विशद | Guna: उष्ण | Vipaka: पित्तकृत्-वातनाशन-भेदन-शीघ्रपाक-कफहर-दीपन-रुच्य-पाचन-आशुकारि-व्यवायि-विकाशि",,,,HEADWORD_TOO_LONG|MULTI_ENTITY_OR_GROUP_HEADWORD|NO_KARMA_FOR_RECOMMENDATION,
BPN_1142,अथ सुराया लक्षणं गुणश्चाह,,,,सन्धानवर्गः,Rasa: गुरु | Vipaka: बल-स्तन्य-पुष्टि-मेद-कफप्रदा- ग्राहिणि - शोथ-गुल्माश-ग्रहणी-मूत्र-कृच्छ्रनुत्,,,,COMMENTARY_AS_HEADWORD|HEADWORD_TOO_LONG|MULTI_ENTITY_OR_GROUP_HEADWORD|NO_KARMA_FOR_RECOMMENDATION,
BPN_1143,अथ सुराभेदस्य वारुण्या लक्षणगुणानाह,,,,सन्धानवर्गः,Rasa: लघु | Vipaka: लघ्वी-पीनस-आध्मान-शूलनुत्,,,,COMMENTARY_AS_HEADWORD|HEADWORD_TOO_LONG|MULTI_ENTITY_OR_GROUP_HEADWORD|NO_KARMA_FOR_RECOMMENDATION,
BPN_1144,नवम्,,,,सन्धानवर्गः,"Rasa: विशद, गुरु | Vipaka: अभिष्यन्दि-त्रिदोषजनक-सरम् । अहृद्य-बृंहण-दाहि-दुर्गन्ध-।",,,,NO_KARMA_FOR_RECOMMENDATION,
BPN_1145,पुराणम्,,,,सन्धानवर्गः,Rasa: लघु | Vipaka: जीर्ण -रोचिष्णु-क्रिमि-श्लेष्मा-अनिलापहम् । हृद्य-सुगन्धिगुणवत्-स्रोतोविशोधनम् ।,,,,CONTEXT_DEPENDENT_HEADWORD|NO_KARMA_FOR_RECOMMENDATION,
BPN_1146,"मधु, माक्षिक, माध्वीक, क्षौद्र सारघ, मक्षिकावान्त, वरटीवान्त, भृङ्गवान्त, पुष्परसोद्भव",कषाय,,,मधुवर्गः,"Rasa: विशद, रूक्ष, सूक्ष्म, लघु | Virya: शीत | Vipaka: ग्राही-विलेखन -चक्षुष्य-दीपन -स्वर्य -व्रणशोधनरोपण -सौकुमार्यकर -सूक्ष्म-स्रोतोविशोधन -ह्लादि-प्रसादजनक -वर्ण्य  मेधाकर  -वृष्य - कुष्ठ-अर्शः-काश-पित्त-अस्र-कफ-मेह-क्लम-क्रिमीन्-मेद-तृष्णा-वमि-श्वास-हिक्का-अतीसारविड्ग्रह-दाह-क्षतक्षयान् योगवाहि-अल्पवातल",,,,HEADWORD_TOO_LONG|MULTI_ENTITY_OR_GROUP_HEADWORD|NO_KARMA_FOR_RECOMMENDATION,
BPN_1148,अथ तेषां लक्षणं गुणाँश्च । तत्र माक्षिकस्य लक्षणगुणानाह,,,,मधुवर्गः,Rasa: लघु | Vipaka: नेत्रामयहर-कामला-अर्श-क्षत-श्वास-कासक्षयविनाशन,,,,COMMENTARY_AS_HEADWORD|VERSE_OR_MULTILINE_HEADWORD|HEADWORD_TOO_LONG|MULTI_ENTITY_OR_GROUP_HEADWORD|NO_KARMA_FOR_RECOMMENDATION,
BPN_1149,अथ भ्रामरस्य लक्षणगुणानाह,,,,मधुवर्गः,"Rasa: गुरु, पिच्छिल | Guna: शीत | Virya: स्वादु/ मधुर | Vipaka: रक्तपित्तघ्न-मूत्रजाड्यकर-पाकमभिष्यन्दी-पिच्छिलम्",,,,COMMENTARY_AS_HEADWORD|HEADWORD_TOO_LONG|MULTI_ENTITY_OR_GROUP_HEADWORD|NO_KARMA_FOR_RECOMMENDATION,
BPN_1150,(गुणैः माक्षिकवत् ),,,,मधुवर्गः,Vipaka: मेहनाशनम्,,,,MULTI_ENTITY_OR_GROUP_HEADWORD|NO_KARMA_FOR_RECOMMENDATION,
BPN_1151,अथ पौत्तिकमधुनो लक्षणगुणानाह,,,,मधुवर्गः,Rasa: रूक्ष | Guna: उष्ण | Vipaka: पित्तदाह-अस्र-वातकृत्-विदाही-मेहकृच्छ्रघ्न-ग्रन्थ्यादिक्षतशोषि,,,,COMMENTARY_AS_HEADWORD|HEADWORD_TOO_LONG|MULTI_ENTITY_OR_GROUP_HEADWORD|NO_KARMA_FOR_RECOMMENDATION,
BPN_1152,अथ छात्रमधुनो लक्षणं गुणाँश्चाह,,,,मधुवर्गः,"Rasa: पिच्छिल, गुरु | Guna: शीत | Virya: स्वादु/ मधुर | Vipaka: कृमि-श्वित्र-रक्त-पित्त-प्रमेहजित्-भ्रम-तृण्मोह-विषहृत्तर्पणञ्च",,,,COMMENTARY_AS_HEADWORD|HEADWORD_TOO_LONG|MULTI_ENTITY_OR_GROUP_HEADWORD|NO_KARMA_FOR_RECOMMENDATION,
BPN_1153,अथ दालमधुनो लक्षणगुणानाह,"कषाय, आम्ल",,,मधुवर्गः,"Rasa: लघु, रूक्ष, स्निग्ध, | Virya: मधुर, लघु? | Vipaka: दीपनीय-कफापह-छर्दि-प्रमेहजित्- बृंहण-गुरु-भारिकम्",,,,COMMENTARY_AS_HEADWORD|MULTI_ENTITY_OR_GROUP_HEADWORD|NO_KARMA_FOR_RECOMMENDATION,
BPN_1154,पुराणमधु,,,,मधुवर्गः,Rasa: रूक्ष | Vipaka: ग्राहक-मेदोघ्नमतिलेखनम्,,,,NO_KARMA_FOR_RECOMMENDATION,
BPN_1155,"मयन, मधूच्छिष्ट, मधुशेष, सिक्थक, मध्वाधार, मदनक, मधूषित",,,,मधुवर्गः,"Rasa: स्निग्ध, मृदु | Vipaka: भूतघ्न-व्रणरोपणम्-भग्नसन्धानकृद्वात-कुष्ठ-वीसर्प-रक्तजित्",,,,HEADWORD_TOO_LONG|MULTI_ENTITY_OR_GROUP_HEADWORD|NO_KARMA_FOR_RECOMMENDATION,
BPN_1156,"इक्षु, दीर्घच्छद, भूरिरस, गुडमूल, असिपत्र, मधुतृण",मधुर,Sacharum officinarium,Gramineae,इक्षुवर्गः,"Rasa: स्निग्ध, गुरु | Guna: शीत | Virya: मधुर | Vipaka: रक्त-पित्तघ्न, बाल्य, वृष्य, कफप्रद, मूत्रल",Sugar Cane,,,HEADWORD_TOO_LONG|MULTI_ENTITY_OR_GROUP_HEADWORD,UNVERIFIED_LEGACY_ENGLISH_HERB|UNVERIFIED_LEGACY_BOTANICAL_NAME
BPN_1158,श्वेतपौण्ड्रक-भीरुकेक्षु,मधुर,,,इक्षुवर्गः,Rasa: शीतल | Virya: मधुर | Vipaka: वात-पित्तप्रशमन-बृंहण-बल्य,,,,MULTI_ENTITY_OR_GROUP_HEADWORD|NO_KARMA_FOR_RECOMMENDATION,
BPN_1159,कोशकारेक्षुः,,,,इक्षुवर्गः,Rasa: गुरुः शीतो | Vipaka: रक्त-पित्त-क्षयापहः,,,,NO_KARMA_FOR_RECOMMENDATION,
BPN_1160,कान्तारेक्षु,,,,इक्षुवर्गः,"Rasa: सरः, गुरुः | Vipaka: वृष्य-श्लेष्मल-बृंहण",,,,NO_KARMA_FOR_RECOMMENDATION,
BPN_1161,शतपोरकेक्षु,क्षार,,,इक्षुवर्गः,Rasa: उष्ण | Vipaka: कोशकार संज्ञक-पवनापह,,,,NO_KARMA_FOR_RECOMMENDATION,
BPN_1162,तापसेक्षु,मधुर,,,इक्षुवर्गः,Rasa: मृदु | Vipaka: श्लेष्मकोपनी-तर्पणी-रुचिकृच्-वृष्या-बलकारिणी,,,,NO_KARMA_FOR_RECOMMENDATION,
BPN_1163,मनोगुप्तेक्षु,अत्यन्त मधुर,,,इक्षुवर्गः,Rasa: शीतल | Vipaka: वातहरी-तृष्णाऽऽ-आमय-विनाशिनी-रक्त-पित्तप्रणाशिनी,,,,NO_KARMA_FOR_RECOMMENDATION,
BPN_1164,तरुण,स्वादु,,,इक्षुवर्गः,Rasa: तीक्ष्ण | Vipaka: वातहृत्-पित्तनुत्,,,,NO_KARMA_FOR_RECOMMENDATION,
BPN_1165,यान्त्रिकेक्षु,,,,इक्षुवर्गः,Rasa: गुरुः | Vipaka: विदाही-विष्टम्भी,,,,NO_KARMA_FOR_RECOMMENDATION,
BPN_1166,पर्युषितेक्षु,आम्लः,,,इक्षुवर्गः,Rasa: गुरुः | Vipaka: वातापह-कफपित्तकर-शोषी-भेदन-अतिमूत्रलः,,,,NO_KARMA_FOR_RECOMMENDATION,
BPN_1167,पक्वेक्षु,,,,इक्षुवर्गः,"Rasa: गुरुः, स्निग्धः, तीक्ष्णः, रूक्ष | Vipaka: कफवातनुत् - गुल्म-आनाहप्रशमन-किञ्चित्पित्तकरः",,,,NO_KARMA_FOR_RECOMMENDATION,
BPN_1168,अथेक्षुरसनिर्मितपदार्थगुणा,मधुर,,,इक्षुवर्गः,"Rasa: गुरु, स्निग्ध, सर, शीत | Vipaka: तृट्दाह-मूर्छा-पित्ता-अस्रनाशन, बाल्य, वृष्य, वातहर,मोहहर, विशहारिन्, बृंहण",,,,COMMENTARY_AS_HEADWORD|HEADWORD_TOO_LONG|NO_KARMA_FOR_RECOMMENDATION,
BPN_1169,फाणितम्,,,,इक्षुवर्गः,Rasa: गुरु | Vipaka: अभिष्यन्दी - बृंहण-कफ-शुक्रकृत्-वात-पित्त-श्रमहर-मूत्र-वस्तिविशोधनम्,,,,NO_KARMA_FOR_RECOMMENDATION,
BPN_1170,मत्स्यण्डी,मधुर,,,इक्षुवर्गः,Rasa: लघु | Vipaka: भेदिनी-बल्या-पित्त-अनिलापहा-बृंहणी-वृष्या-रक्तदोषापहा,,,,NO_KARMA_FOR_RECOMMENDATION,
BPN_1171,अथ गुडस्य लक्षणं गुणाँश्चाह,,,,इक्षुवर्गः,"Rasa: गुरुः, स्निग्धः | Vipaka: वृष्य -वातघ्नो-मूत्रशोधन-मेद-कफ-क्रिमि-बलप्रदः, न अतिपित्तघ्न",,,,COMMENTARY_AS_HEADWORD|HEADWORD_TOO_LONG|MULTI_ENTITY_OR_GROUP_HEADWORD|NO_KARMA_FOR_RECOMMENDATION,
BPN_1172,अथ पुराणगुडस्य गुणानाह,मधुर,,,इक्षुवर्गः,Rasa: लघु | Vipaka: जीर्ण-पथ्यो-अनभिष्यन्दी-अग्निपुष्टिकृत्-पित्तघ्नो-वृष्यो-वातघ्नो-असृक्प्रसादनः,,,,COMMENTARY_AS_HEADWORD|MULTI_ENTITY_OR_GROUP_HEADWORD|NO_KARMA_FOR_RECOMMENDATION,
BPN_1173,अथ खण्डस्य गुणा,मधुर,,,इक्षुवर्गः,Rasa: स्निग्ध | Guna: शीत | Vipaka: वृष्य-चक्षुष्य-बृंहण-वात-पित्तहर-बल्य-वान्तिहरम्,,,,COMMENTARY_AS_HEADWORD|MULTI_ENTITY_OR_GROUP_HEADWORD|NO_KARMA_FOR_RECOMMENDATION,
BPN_1174,अथ शर्करा,मधुर,,,इक्षुवर्गः,Rasa: शीत | Vipaka: वात-पित्ता-अस्र-दाह-हृत्-मूर्च्छा-च्छर्दि-ज्वरहरा -सुशीता-शुक्रकारिणी,,,,COMMENTARY_AS_HEADWORD|MULTI_ENTITY_OR_GROUP_HEADWORD|NO_KARMA_FOR_RECOMMENDATION,
BPN_1175,पुष्पसिता,शीत,,,इक्षुवर्गः,Rasa: लघु | Guna: शीत ? | Vipaka: रक्त-पित्तहरी,,,,NO_KARMA_FOR_RECOMMENDATION,
BPN_1176,सितोपला,शीत,,,इक्षुवर्गः,Rasa: लघु | Guna: शीत ? | Vipaka: सारा -वात-पित्तहरी,,,,NO_KARMA_FOR_RECOMMENDATION,
BPN_1177,अथ मधुखण्डगुणा,कषाय,,,इक्षुवर्गः,"Rasa: रूक्ष, गुरुः | Guna: शीत | Vipaka: कफ-पित्तहरा-छर्दि-अतीसार--तृड्-दाह-रक्तहृत्",,,,COMMENTARY_AS_HEADWORD|MULTI_ENTITY_OR_GROUP_HEADWORD|NO_KARMA_FOR_RECOMMENDATION,
